Location,Total Compensation,Workplace Safety Index,Promotion Potential,Culture Score,Work Life Balance Ratio,Tech Adoption Index,Learning Oppurtunities,Recognition Frequency,Diversity Index %,Retention Rates
L1,44,36,9,5,0.9386459989,10,1,2,47,29.68177068
L2,17,62,7,2,0.0009291195791,73,37,10,18,43.29525218
L3,54,12,7,3,0.7355486546,26,94,9,91,56.8459628
L4,22,38,8,2,0.6632482644,12,12,3,11,20.81674069
L5,54,49,3,6,0.09152068628,56,4,2,72,47.1440294
L6,91,57,7,6,0.9985565229,18,90,1,37,59.00362989
L7,52,87,8,3,0.115477595,10,77,9,63,59.21759971
L8,65,91,4,2,0.2640504885,47,48,10,68,64.22691123
L9,55,58,1,2,0.4961576249,44,35,4,90,55.45910452
L10,59,90,5,4,0.3477366153,11,41,5,78,56.19695584
L11,16,43,2,4,0.5065511525,15,70,2,93,47.03196613
L12,33,7,8,2,0.2778621505,65,15,9,86,43.15673343
L13,80,96,6,4,0.6907317103,30,45,9,46,60.66879966
L14,53,87,6,4,0.1301886004,45,66,10,67,64.77598053
L15,92,22,10,1,0.2120952597,81,68,8,20,57.89511099
L16,65,66,8,5,0.5280327375,89,23,9,14,53.54949962
L17,89,46,1,3,0.9744039987,43,34,4,95,60.53157196
L18,23,100,7,5,0.4796955097,23,83,5,42,55.26437973
L19,94,89,7,6,0.1661595427,20,7,8,99,63.25030253
L20,33,68,4,5,0.4686031454,38,5,4,61,41.85227602
L21,67,41,8,3,0.5430140497,62,12,3,45,46.27266687
L22,28,21,5,6,0.1912625105,87,94,1,58,57.50797779
L23,41,61,10,1,0.03141127226,32,7,5,61,41.76852268
L24,66,69,8,5,0.0510681176,27,29,6,68,53.26655585
L25,63,80,7,6,0.9313781594,33,84,10,6,55.54248021
L26,55,69,4,2,0.8738205886,26,90,0,84,63.38586995
L27,10,92,3,3,0.5599404331,2,38,0,71,42.06134473
L28,63,51,5,4,0.02234069963,82,69,2,31,58.81661512
L29,95,31,3,1,0.7360516566,77,70,6,51,64.1257619
L30,88,6,4,1,0.4650984218,32,39,9,93,52.19644535
L31,19,68,1,6,0.8901603942,57,69,2,9,44.42345884
L32,54,27,8,3,0.3159755547,82,25,0,36,45.0797461
L33,41,36,0,5,0.1815275762,99,7,5,95,55.20725936
L34,75,64,8,3,0.6804884157,43,57,7,60,60.85840847
L35,91,3,10,4,0.6382226839,61,22,9,3,39.01120336
L36,14,47,6,5,0.5419175085,8,41,6,74,38.60961182
L37,16,85,5,3,0.7003896232,87,66,7,61,63.35264559
L38,37,74,9,6,0.9109125115,33,53,5,41,49.59985471
L39,50,66,7,4,0.5166426205,58,62,9,81,64.65844284
L40,46,84,1,1,0.06699797276,17,16,4,52,42.35005344
L41,35,13,7,3,0.7944244688,87,99,3,81,62.9875177
L42,72,4,0,1,0.7241029444,67,86,4,28,50.33035189
L43,78,48,6,1,0.5182495417,81,6,7,18,47.03420721
L44,82,47,10,6,0.5324270118,81,6,9,51,56.04076606
L45,52,27,8,5,0.2176128946,55,55,1,41,46.78504278
L46,8,97,7,1,0.2126539413,18,51,10,34,43.33581254
L47,68,41,2,3,0.9626299185,85,8,9,20,45.39519753
L48,33,44,2,3,0.06192626083,24,20,10,16,29.13067424
L49,46,62,1,1,0.5401421979,10,74,1,42,45.50583221
L50,51,74,1,2,0.7334179303,37,66,7,23,50.14056525
L51,11,39,0,2,0.8031715522,92,28,1,99,52.2612104
L52,71,21,4,1,0.7177219957,100,26,1,29,48.60498937
L53,78,52,9,1,0.3816748097,72,47,4,14,53.13831942
L54,62,28,7,6,0.2404716697,81,92,6,61,65.75496321
L55,79,20,0,1,0.710178939,29,71,9,60,51.66868233
L56,26,41,7,3,0.5053805335,75,66,9,5,44.54131725
L57,24,83,8,1,0.2029368313,16,60,7,97,56.74392976
L58,29,19,2,3,0.7729073231,95,39,4,76,51.29755703
L59,51,64,5,4,0.5128983436,0,22,1,71,41.8607617
L60,47,8,3,1,0.9151077306,59,28,4,89,45.96080703
L61,15,84,3,1,0.959295011,86,36,1,89,60.52867751
L62,57,21,10,5,0.06136555237,46,74,3,45,50.01181942
L63,77,34,9,5,0.3864864696,98,62,5,77,70.38064242
L64,57,93,1,1,0.8385677245,16,60,10,33,52.07642016
L65,51,91,3,5,0.2969883577,12,93,9,60,62.12593881
L66,74,86,6,5,0.554342686,27,71,5,95,70.79594108
L67,94,81,8,2,0.5589661539,48,10,10,55,59.11098819
L68,65,85,1,1,0.2141830987,26,70,10,59,60.76907784
L69,29,50,1,4,0.7660643678,90,67,4,32,53.21195736
L70,87,1,4,6,0.3394165261,60,39,4,28,43.93480997
L71,24,14,7,1,0.8636180667,60,82,7,4,38.28809811
L72,36,40,10,1,0.294279048,28,65,5,67,48.3322988
L73,42,20,5,5,0.02250218454,37,61,2,58,44.06566946
L74,33,60,2,5,0.1508014087,93,39,3,58,56.15922874
L75,12,76,6,6,0.9858432718,3,65,2,32,38.8862263
L76,76,0,8,1,0.5586926916,83,35,9,80,56.04579781
L77,55,9,4,6,0.8534553941,42,52,3,66,45.56585397
L78,76,17,9,4,0.5906232527,32,71,6,87,57.96762603
L79,53,89,3,1,0.7157102983,1,34,1,28,40.36704562
L80,33,71,3,3,0.2372311241,91,30,10,13,48.70451231
L81,77,19,1,2,0.2011322826,77,43,7,49,52.72059044
L82,42,77,3,2,0.1969820478,40,41,8,82,56.55121787
L83,85,56,5,4,0.06103748276,90,37,6,4,54.99260582
L84,29,98,9,4,0.5697728462,55,75,2,48,61.41191194
L85,20,44,3,2,0.9766518959,89,21,4,74,49.42087736
L86,50,27,5,5,0.6175826052,81,98,9,89,69.85020039
L87,85,80,10,2,0.5921155952,59,10,4,33,54.32806055
L88,15,76,10,5,0.07214101002,47,1,8,40,38.71118733
L89,47,36,7,6,0.7079618881,66,0,1,57,42.2812725
L90,39,22,3,5,0.5805677446,24,25,5,68,36.70130484
L91,51,39,2,1,0.1214985662,17,82,8,71,51.93905042
L92,22,2,6,3,0.6394120861,52,88,4,55,44.56699383
L93,41,5,6,2,0.02566212536,19,46,7,51,33.9130052
L94,94,69,5,2,0.8729866963,45,86,3,51,68.17498832
L95,42,70,3,2,0.662952922,18,50,10,11,39.59065433
L96,64,4,5,4,0.2697607548,15,53,9,37,36.64176319
L97,92,60,5,4,0.6216290468,33,52,5,27,53.37585885
L98,25,90,3,2,0.3663331751,72,90,9,27,60.98979652
L99,81,51,2,2,0.4099966603,24,81,2,96,65.0211548
L100,92,30,7,6,0.3820879638,30,18,8,61,48.34912045
L101,16,13,7,2,0.743464703,21,39,10,66,33.47580207
L102,20,59,1,1,0.6746807311,75,92,9,20,53.1944509
L103,71,95,9,4,0.3346143091,18,72,0,91,69.02970734
L104,87,73,9,2,0.3798327734,38,69,10,62,67.12265865
L105,10,34,9,3,0.7470904685,63,6,0,61,35.77535016
L106,94,6,10,3,0.2147064239,11,89,0,98,59.61975134
L107,21,75,5,4,0.306634795,40,30,3,84,50.25037705
L108,63,16,1,4,0.5779296401,76,98,2,68,62.94604354
L109,29,87,8,6,0.09782529701,50,32,1,37,47.91152168
L110,89,37,7,4,0.3809269378,41,55,4,78,60.41787889
L111,61,82,2,5,0.7314864799,40,12,0,61,50.52333749
L112,22,58,3,3,0.3306015695,99,89,7,76,68.45422524
L113,81,98,3,4,0.7921537638,52,43,7,63,67.39321857
L114,30,82,5,4,0.1317135091,30,49,5,26,44.27816232
L115,58,96,9,2,0.7007914055,23,30,7,32,49.36803045
L116,62,42,6,1,0.1218208035,6,77,4,30,43.70155379
L117,15,68,2,3,0.7858915913,62,36,10,85,53.98204018
L118,18,9,4,1,0.3879547488,91,53,3,68,47.39238874
L119,64,57,3,5,0.2427101874,30,54,9,44,51.00441544
L120,23,68,5,4,0.2207857805,38,31,8,85,50.23393086
L121,10,68,6,5,0.4797575269,38,65,2,66,49.90040012
L122,8,19,10,1,0.8404248553,85,32,6,18,34.45223246
L123,19,96,1,6,0.0490608148,98,96,8,96,80.46927102
L124,40,30,6,2,0.1718768036,14,26,2,14,25.70345735
L125,9,84,7,2,0.1174392261,99,45,5,59,59.40954663
L126,93,0,6,4,0.2128665631,90,21,2,67,54.25540738
L127,14,35,3,1,0.1271163548,96,92,0,70,59.60297161
L128,26,18,1,2,0.655115528,86,28,6,36,39.01443954
L129,52,19,1,1,0.3297604714,83,70,1,45,52.17051851
L130,9,78,3,6,0.439178043,25,80,3,95,57.36390013
L131,62,15,2,6,0.1392879494,45,40,3,62,45.04589786
L132,77,86,3,5,0.04714699152,13,81,7,29,57.67194054
L133,7,97,10,3,0.3416766022,37,4,8,88,48.72452105
L134,89,24,8,2,0.2405219353,25,76,3,1,43.7242935
L135,85,61,5,4,0.5691742026,75,98,1,8,64.66850638
L136,16,25,9,4,0.5488101621,3,9,1,19,16.58025291
L137,32,95,10,2,0.5178290813,55,80,4,84,69.44794825
L138,51,80,7,5,0.6537681972,44,33,3,23,47.25173979
L139,79,91,7,3,0.2968108314,81,33,2,73,70.74660541
L140,93,52,8,1,0.743138468,70,28,2,53,58.95469916
L141,61,42,10,3,0.4491845815,55,88,4,78,65.41180433
L142,22,88,7,4,0.8475333314,34,20,7,79,50.16242647
L143,76,86,2,5,0.1956269092,31,54,6,75,64.21380325
L144,79,88,7,1,0.02267404664,2,23,9,24,44.64041575
L145,75,62,7,2,0.4432880858,87,56,4,17,59.47196986
L146,76,2,0,4,0.05581918207,57,24,3,26,36.79234929
L147,65,58,8,5,0.1817092579,41,29,3,29,45.62873793
L148,51,12,0,6,0.158787448,65,75,1,64,52.52090727
L149,22,90,0,5,0.6394886858,35,83,5,64,58.36012948
L150,27,22,2,4,0.7143611676,9,94,10,47,41.32464279
L151,35,53,8,5,0.03610347513,71,80,9,87,66.67366779
L152,67,88,7,3,0.6593068891,65,76,5,70,73.11490268
L153,35,82,1,3,0.9950090545,81,56,10,28,56.89566792
L154,11,41,3,3,0.6437510958,64,18,6,5,29.05056396
L155,86,34,2,3,0.3394480738,6,48,0,56,45.08424276
L156,35,68,8,2,0.1147628351,34,6,0,19,32.9722187
L157,42,69,5,1,0.9686603878,63,68,0,94,65.70289202
L158,18,33,2,4,0.1388876092,62,65,4,6,37.19140505
L159,93,28,1,2,0.6741690389,56,61,0,57,57.21734649
L160,32,69,2,3,0.1283325035,77,94,10,16,58.07063559
L161,50,40,2,5,0.6245773156,61,14,8,95,52.80171028
L162,13,43,3,4,0.6552168883,89,14,2,29,37.86503221
L163,53,80,9,1,0.1919702299,24,2,9,45,42.75713677
L164,61,85,1,3,0.07547215592,87,85,6,94,80.85747292
L165,35,38,0,1,0.2118813057,100,67,8,29,53.29736301
L166,94,19,4,4,0.9110011805,79,89,8,71,70.67269542
L167,69,25,5,5,0.3699609952,73,16,0,28,42.40809241
L168,79,99,0,5,0.4142605681,36,82,2,43,66.36296952
L169,52,63,8,6,0.3915555943,4,63,3,28,43.56165606
L170,13,21,7,5,0.4501736328,36,31,0,74,35.91004059
L171,79,90,1,1,0.4742857732,42,22,10,82,62.73461724
L172,28,36,9,5,0.4367492108,63,68,0,27,45.29445397
L173,83,64,10,2,0.07919020531,74,7,7,49,56.72022348
L174,31,61,1,5,0.9709589453,30,30,10,23,36.77609252
L175,26,69,2,2,0.5230049501,86,42,5,2,44.92783583
L176,84,12,7,2,0.7973495409,16,4,2,13,26.97270661
L177,87,83,3,2,0.298955176,4,72,0,36,55.03818398
L178,91,42,8,3,0.3771820297,2,27,8,71,48.34818062
L179,39,66,10,3,0.7227055826,44,56,9,52,53.58679332
L180,69,5,6,3,0.4140464496,85,94,4,13,53.52766314
L181,11,99,8,6,0.3992361888,58,17,9,89,56.97310617
L182,36,96,4,6,0.280784491,34,68,8,34,54.84313187
L183,75,39,8,3,0.9216046607,82,43,6,1,49.4103319
L184,77,90,0,3,0.4168908537,87,23,5,95,72.87689165
L185,53,72,0,5,0.5518809255,61,32,10,8,46.27436551
L186,91,93,8,4,0.1497329729,12,15,7,3,44.66475658
L187,85,42,2,6,0.4753842719,32,74,9,34,54.49726932
L188,52,40,1,4,0.1349843942,27,53,5,3,35.46651719
L189,38,61,4,3,0.03996957997,49,98,5,4,50.1992917
L190,92,53,2,1,0.7754961199,83,81,10,97,80.41686392
L191,39,67,3,5,0.3706080487,65,86,6,12,54.2856261
L192,56,49,6,3,0.9904663247,40,86,2,11,48.6572393
L193,83,25,7,4,0.7099748949,50,51,3,18,46.30465175
L194,64,95,6,4,0.4935030013,7,9,10,66,50.09460448
L195,60,2,10,4,0.05884864377,69,62,7,5,41.96535002
L196,26,8,7,2,0.9019746082,36,91,2,30,38.87015948
L197,52,34,3,4,0.667568928,67,36,9,91,56.83293985
L198,31,11,4,6,0.9472189531,1,88,1,68,40.41139599
L199,82,85,7,6,0.5735895906,28,46,10,18,54.13294038
L200,21,33,10,6,0.5022105198,41,81,8,47,47.41427684
L201,27,35,1,5,0.8318161053,0,2,1,61,25.44674041
L202,51,87,7,4,0.3677149658,88,93,1,82,79.18931808
L203,24,3,4,4,0.3058225193,56,87,2,3,35.11610259
L204,94,54,10,5,0.6449763154,22,42,3,96,62.5757455
L205,93,21,2,1,0.1637465408,90,85,6,30,62.86669802
L206,74,78,4,2,0.3555235504,97,93,1,9,68.6505707
L207,55,41,6,3,0.8992950566,51,33,9,84,54.19533614
L208,53,3,8,4,0.6384257405,100,43,6,8,43.225807
L209,19,48,5,5,0.2100624256,57,26,10,12,34.9061866
L210,79,73,4,2,0.6410533478,6,47,4,56,52.03858211
L211,82,99,8,3,0.08967197595,52,85,10,37,72.04792146
L212,91,63,6,4,0.8501632898,7,26,9,0,39.62651843
L213,24,49,9,5,0.5973283483,40,92,8,46,52.41334791
L214,35,14,0,5,0.9502450046,43,62,6,85,48.07482069
L215,84,2,8,3,0.3723675464,33,62,4,3,38.19398869
L216,69,0,1,6,0.4790679145,71,36,0,41,43.00370752
L217,76,69,5,6,0.1020950662,47,66,7,3,53.46790227
L218,92,13,6,5,0.3678536035,24,85,10,9,46.81382456
L219,73,3,4,4,0.4218174819,98,9,8,92,55.82800534
L220,71,96,4,6,0.4030205197,2,84,3,29,56.59068889
L221,42,58,3,1,0.2824228164,36,57,6,48,48.13845636
L222,73,95,6,4,0.2329926972,74,59,10,6,62.68839246
L223,55,50,4,3,0.4815885227,8,39,8,53,42.23790589
L224,42,36,7,1,0.1851066599,1,100,2,28,41.60639516
L225,70,66,8,3,0.7379735141,35,56,10,64,59.91156533
L226,33,73,0,3,0.7250116289,3,63,9,20,39.21940074
L227,72,72,3,6,0.653619717,0,90,2,92,64.6846837
L228,11,95,2,4,0.6387708935,43,5,7,21,36.13774151
L229,90,97,4,6,0.2788576359,41,39,3,46,62.50560773
L230,36,81,5,6,0.9246881844,83,97,4,9,61.67147459
L231,88,100,10,4,0.6303573931,19,14,1,91,62.76451606
L232,47,31,0,1,0.1349461964,93,56,0,93,61.52018283
L233,79,53,9,2,0.391682585,55,47,5,43,56.20537462
L234,34,36,5,2,0.5134846363,83,86,1,10,49.33214788
L235,50,90,2,2,0.7964435843,91,53,6,96,74.86531424
L236,77,25,9,2,0.5833478838,10,3,2,2,25.01599882
L237,53,71,10,3,0.4992500259,60,38,2,88,62.35625743
L238,21,74,3,1,0.9541574437,46,30,10,19,39.26329846
L239,80,38,3,2,0.321217535,83,57,9,21,56.19187555
L240,92,45,3,6,0.7313423596,52,53,9,63,62.01757737
L241,67,29,3,1,0.9124810878,2,0,5,12,22.97176887
L242,44,58,9,6,0.5103562319,28,66,10,73,56.41968019
L243,80,80,10,6,0.7629707991,26,42,7,53,58.38378509
L244,20,41,0,5,0.8802815335,41,69,5,63,46.91199096
L245,47,9,8,5,0.8252796325,3,71,5,81,44.02788731
L246,48,97,8,6,0.5935386843,41,84,10,84,72.52759002
L247,43,83,1,1,0.3355814894,85,19,4,66,57.91876739
L248,58,71,7,2,0.8456755823,7,7,4,100,49.20421495
L249,64,66,6,1,0.7857536253,66,41,0,84,62.98585662
L250,54,20,8,4,0.2515882616,47,24,10,69,45.25898248
L251,18,30,2,4,0.2920451673,45,70,2,60,44.30887723
L252,10,31,10,1,0.4578758537,58,96,0,40,47.21421248
L253,27,58,4,1,0.2618268034,76,56,2,53,53.11536
L254,95,58,2,5,0.1539521971,28,79,6,94,70.33609557
L255,61,51,10,2,0.9112148921,58,62,9,77,63.39303362
L256,90,29,0,6,0.4794627114,59,81,7,96,70.59002511
L257,45,87,10,5,0.4642667369,69,56,0,70,65.60626476
L258,38,63,8,5,0.1609276807,51,34,3,25,43.51747441
L259,37,37,1,3,0.8884349492,34,1,9,86,40.01699243
L260,31,67,2,1,0.7104777797,55,71,7,75,59.33158457
L261,65,63,1,2,0.5193814987,76,68,10,24,59.29497604
L262,90,49,1,5,0.2999313583,83,1,10,11,47.95023937
L263,26,51,1,5,0.9444869407,90,30,7,66,53.05456685
L264,87,5,3,1,0.02459724623,79,95,3,25,57.09290729
L265,64,78,8,6,0.1473863923,24,4,5,95,54.4344344
L266,65,26,2,4,0.7668746375,33,35,1,48,41.14313173
L267,43,4,9,5,0.9724336884,94,30,4,18,39.84151303
L268,67,77,8,5,0.3693514598,87,49,6,4,58.11680787
L269,67,75,7,3,0.136543435,39,75,0,83,66.88448031
L270,47,83,10,2,0.3263791862,58,45,8,3,49.10473276
L271,71,63,8,1,0.2388869813,94,35,0,75,66.52094413
L272,80,35,3,5,0.9701171373,70,59,1,68,61.68017747
L273,58,59,8,2,0.479277148,99,92,10,1,63.1187157
L274,80,87,7,2,0.4446260498,99,25,7,51,68.66764016
L275,87,56,5,4,0.357579929,95,30,2,13,56.00727041
L276,71,26,10,5,0.7495174986,61,94,4,75,66.42719507
L277,54,65,8,1,0.5345232874,46,32,1,94,57.76530777
L278,43,97,9,3,0.7819671546,9,83,9,11,50.72457926
L279,92,1,8,5,0.4961090931,99,76,3,37,61.58937121
L280,63,90,7,6,0.3436311473,75,57,8,0,58.68659397
L281,46,28,1,1,0.7957968019,64,34,5,81,49.96094412
L282,90,94,7,5,0.7217501431,52,49,2,78,72.36058051
L283,11,86,10,3,0.1975087412,30,1,0,22,31.2639303
L284,13,32,1,4,0.4201245374,48,26,4,36,31.49814819
L285,85,15,7,5,0.4835397836,71,14,8,38,46.64441557
L286,82,38,6,5,0.7036211583,96,41,0,0,51.47585492
L287,19,84,7,2,0.09467654235,71,44,6,83,60.55461271
L288,76,72,7,1,0.6079316659,93,17,0,25,55.86365945
L289,12,82,2,5,0.5386151255,13,17,9,48,36.11855455
L290,74,10,2,3,0.3657757308,16,82,9,44,46.047142
L291,66,54,9,4,0.6859324682,51,30,8,57,53.57974865
L292,21,10,1,3,0.8635116796,51,73,9,24,36.94707985
L293,23,89,6,1,0.5394575588,59,74,0,9,50.10340805
L294,50,52,6,2,0.07811005326,41,67,1,91,59.4020123
L295,65,41,6,3,0.3061382983,74,61,4,68,61.74454942
L296,82,10,7,4,0.230411398,29,41,9,98,53.68405509
L297,26,14,9,5,0.7763884954,78,34,10,95,52.06450842
L298,81,6,2,3,0.1547378286,35,21,2,30,34.51244575
L299,20,84,10,2,0.08016192704,28,79,0,99,61.70125887
L300,57,62,8,6,0.6096371596,12,38,5,100,55.2892728
L301,22,40,1,1,0.4829722941,25,87,7,28,40.51403086
L302,52,84,4,2,0.5086882388,52,18,2,43,49.33122903
L303,41,99,7,6,0.9227350437,42,64,1,46,58.79753356
L304,23,84,6,4,0.9650123148,14,18,2,58,40.22323356
L305,55,94,7,3,0.6857973451,27,57,10,92,66.223417
L306,53,32,5,6,0.4500001504,87,52,6,69,59.4732557
L307,45,96,2,5,0.1244965732,57,21,8,98,63.62546336
L308,90,74,2,5,0.4913617409,46,60,9,1,55.07504352
L309,60,7,1,3,0.5927580367,17,31,0,94,40.91820489
L310,75,5,8,3,0.305477062,51,4,6,71,42.7788814
L311,12,54,7,3,0.9565814252,35,2,4,55,33.13348683
L312,69,36,4,3,0.145486636,57,92,4,62,62.67162882
L313,61,50,1,4,0.3023458879,63,20,0,94,56.18826029
L314,87,4,5,4,0.08125682166,17,39,3,94,48.48306102
L315,19,45,9,5,0.157433583,42,81,6,29,45.24094516
L316,8,5,4,4,0.4911376327,76,45,2,12,29.97918325
L317,87,3,0,4,0.09251189376,37,22,0,32,35.45838068
L318,25,94,9,5,0.2872930562,96,21,9,48,58.86737235
L319,75,14,6,4,0.5901744056,77,58,0,32,51.07097955
L320,80,24,9,5,0.21143869,47,25,1,84,52.72256485
L321,52,43,0,3,0.4823468913,73,40,5,1,41.6633378
L322,29,15,5,5,0.05637418582,8,36,10,50,30.27903737
L323,33,61,7,1,0.4911077957,83,77,9,24,56.60756387
L324,14,53,5,1,0.7296020932,66,50,4,53,47.26626738
L325,65,60,9,1,0.7601786225,42,40,3,61,53.97711432
L326,90,51,9,2,0.1235447878,1,45,10,58,50.98158679
L327,13,66,1,4,0.9436584473,5,5,5,96,37.53714703
L328,77,73,10,5,0.6064737773,99,16,9,91,72.91321026
L329,14,12,0,3,0.09931523341,79,62,4,94,51.36008736
L330,44,6,1,6,0.3798027149,84,24,0,93,49.49810941
L331,71,14,10,2,0.6608951303,81,7,10,45,46.10367836
L332,45,3,7,3,0.4885386878,2,69,2,31,31.12811211
L333,14,47,10,1,0.7299279674,70,99,4,74,61.25102191
L334,13,42,7,6,0.4390906355,23,77,4,7,34.37534841
L335,93,97,10,1,0.4864065772,75,34,0,54,69.82507086
L336,67,1,10,1,0.2349407975,53,50,10,91,54.25963617
L337,37,88,9,2,0.9537495341,17,24,3,86,51.14063005
L338,35,73,1,5,0.2958327025,79,28,10,91,61.74257517
L339,39,16,3,3,0.5190084576,58,24,3,71,41.6703611
L340,31,50,7,4,0.8869246398,97,72,7,48,60.70638456
L341,23,56,10,2,0.02267936971,67,95,5,77,64.1806715
L342,61,75,6,6,0.444016962,64,46,3,71,63.68667424
L343,31,74,6,2,0.5752895108,84,24,2,70,56.2405484
L344,7,54,4,4,0.1050427272,12,68,7,25,34.69449673
L345,64,77,6,2,0.06714356103,29,85,0,84,66.48804305
L346,59,94,0,2,0.8925499259,37,13,2,83,55.72661296
L347,45,10,7,3,0.1594146028,72,50,5,43,45.04975355
L348,25,14,4,2,0.6769658242,97,54,8,65,51.66231966
L349,42,5,1,1,0.2124717851,19,53,2,39,31.07522566
L350,56,94,8,6,0.3112209679,80,75,2,64,73.81450397
L351,63,8,10,1,0.3449574711,65,63,4,16,44.12744258
L352,22,20,2,1,0.9739992116,90,53,3,49,46.16366006
L353,20,45,10,3,0.7060895217,57,54,9,40,45.72919405
L354,87,66,2,3,0.2059428582,76,95,7,95,82.60660746
L355,52,29,0,3,0.304185136,47,51,6,55,46.6100564
L356,67,53,4,3,0.5329962855,35,87,4,51,58.33972861
L357,22,53,9,4,0.3068453326,39,28,0,77,44.50328364
L358,82,56,6,4,0.581503015,15,19,9,23,41.10761988
L359,82,93,9,2,0.04913646732,79,89,9,87,86.21641926
L360,76,100,2,4,0.8221116799,27,47,7,67,63.37596402
L361,25,88,7,1,0.6107850112,0,99,4,12,45.32779421
L362,86,99,10,5,0.009444281928,10,67,8,64,66.86013178
L363,8,98,6,1,0.7063310524,60,29,0,88,55.6909388
L364,11,95,8,5,0.8687560505,20,9,10,93,48.25078088
L365,13,41,1,3,0.8407003703,76,90,9,20,48.62854847
L366,32,0,1,3,0.03472313995,72,90,8,80,54.79599362
L367,64,20,0,2,0.4807912884,78,19,4,0,35.91590605
L368,15,16,8,3,0.2597385342,60,46,5,80,44.68583046
L369,80,58,2,1,0.7560381614,68,51,6,64,63.36330624
L370,22,12,7,5,0.6180085853,95,8,7,54,40.34832879
L371,53,66,9,6,0.4534718805,83,70,1,6,56.40878279
L372,68,90,3,1,0.3411424689,25,85,9,90,71.13824032
L373,19,44,1,6,0.2557841008,25,47,7,95,46.79235528
L374,61,82,7,3,0.4031756727,17,67,7,92,64.44513473
L375,17,73,5,2,0.9702924278,58,7,10,84,49.22808794
L376,88,27,8,5,0.6004840871,37,40,7,19,44.36796522
L377,13,55,10,4,0.906929164,90,3,5,35,41.36153326
L378,16,31,4,6,0.4913114531,31,90,2,54,44.92176427
L379,15,2,1,6,0.142436448,87,58,10,23,38.72465391
L380,26,17,5,4,0.7087598424,75,15,1,29,33.08601137
L381,50,5,5,1,0.7600665103,38,85,7,89,53.78552172
L382,32,62,5,2,0.1858956435,66,89,2,80,64.7866524
L383,66,45,4,2,0.1281454032,27,94,3,64,58.453742
L384,85,73,9,4,0.7454728901,46,81,4,68,71.02412723
L385,28,82,10,4,0.7654190701,76,10,6,47,50.529838
L386,65,52,6,1,0.5841776753,22,31,3,66,47.23840826
L387,57,21,4,4,0.3116728102,2,39,7,55,36.26665008
L388,48,39,6,3,0.6434718134,62,1,1,39,38.24592444
L389,19,85,9,4,0.9114472896,68,75,10,62,63.77622039
L390,81,18,6,4,0.3091417858,68,36,10,98,61.55355368
L391,83,84,7,3,0.6737601359,21,65,8,66,64.68854202
L392,47,26,7,1,0.6662329144,36,89,8,88,57.98211066
L393,43,94,8,6,0.2334492365,25,54,7,24,50.04478569
L394,73,30,4,2,0.7874764976,58,91,0,51,59.3463353
L395,37,25,0,3,0.3373156842,96,81,2,41,54.66239049
L396,23,36,4,3,0.7542162552,15,97,1,21,38.458711
L397,12,60,9,2,0.696466871,79,47,3,37,47.834633
L398,9,79,4,6,0.6720493135,67,53,0,9,43.61539056
L399,12,90,2,6,0.4816952841,48,65,4,34,50.09234246
L400,67,91,10,1,0.1951470747,91,69,3,66,76.28269219
L401,11,44,6,5,0.2576351585,96,59,10,90,61.54368649
L402,14,42,2,1,0.879826138,82,99,5,69,60.32188245
L403,37,43,10,5,0.1383655309,21,56,5,75,48.30243027
L404,71,82,4,4,0.8949790339,0,83,1,97,65.6887768
L405,42,4,1,4,0.2529185112,25,69,0,61,39.51210358
L406,32,28,3,1,0.9002849016,27,19,9,36,29.86599292
L407,77,11,1,2,0.9265774235,3,44,6,18,31.21202768
L408,34,71,6,4,0.8158683384,44,45,6,24,44.98394
L409,50,45,10,4,0.7540655934,68,66,1,58,57.99893686
L410,34,48,3,3,0.4965169004,40,99,7,59,56.22545785
L411,68,77,9,4,0.2512762289,93,83,6,44,73.61144916
L412,30,83,8,5,0.2872157747,70,34,5,59,56.37693292
L413,42,61,9,2,0.1849077668,20,17,6,16,33.17722757
L414,10,62,10,1,0.410401303,43,23,6,52,39.73384386
L415,49,26,5,2,0.3100009003,40,93,10,51,52.93301765
L416,51,45,4,1,0.7054202071,100,63,9,50,62.01261143
L417,84,81,2,5,0.3841516988,81,80,3,54,74.78633102
L418,85,78,8,4,0.5677641793,76,54,2,58,70.03222775
L419,37,86,7,2,0.01658904133,21,64,10,31,49.42852816
L420,39,75,3,2,0.2703268199,48,88,6,84,66.14382484
L421,17,94,1,3,0.2956957913,45,93,1,57,59.63526657
L422,36,60,10,2,0.909804105,50,47,2,76,54.38892049
L423,65,6,1,5,0.5692798882,21,83,7,87,52.79111689
L424,21,53,0,5,0.9179477435,32,25,10,18,31.59351674
L425,58,94,6,3,0.7577820543,45,51,5,79,65.47092269
L426,62,88,6,1,0.3137942159,64,79,0,95,75.73070818
L427,68,84,2,5,0.1895798889,68,28,0,52,58.84865332
L428,86,68,0,5,0.4506566318,89,68,6,1,61.96380608
L429,70,87,4,6,0.08124610554,34,53,9,29,55.95433283
L430,60,74,4,6,0.1376423167,6,61,7,14,44.47086923
L431,58,45,1,4,0.4588276291,26,79,6,36,48.93853493
L432,33,93,9,3,0.9416608143,95,90,2,54,72.78585129
L433,21,8,1,3,0.4514472421,22,72,9,5,27.09801284
L434,69,72,7,2,0.6807856473,57,38,2,39,54.91976054
L435,30,19,0,6,0.3969761721,91,80,9,90,62.33666471
L436,27,27,1,5,0.02109615733,75,68,9,92,58.24166333
L437,64,100,7,6,0.182377202,58,48,9,17,59.23041575
L438,39,43,0,2,0.2715780562,64,71,2,67,55.22451044
L439,17,40,5,4,0.8308753235,32,49,1,56,39.23968116
L440,23,22,5,2,0.4259866807,53,53,2,1,30.92455783
L441,16,91,3,1,0.1655861463,60,47,9,6,44.66779359
L442,85,95,4,3,0.3394628482,15,57,0,85,65.96549819
L443,14,89,2,1,0.456159841,86,95,5,52,65.98785396
L444,20,58,8,3,0.2185530404,93,21,8,49,49.85036088
L445,12,64,4,5,0.3595453031,43,43,1,91,50.4520843
L446,23,22,3,1,0.1199589772,13,9,4,57,25.31036914
L447,42,32,10,3,0.2087683354,11,21,3,97,41.9940703
L448,85,54,7,1,0.7504569925,95,95,3,6,66.42737505
L449,55,43,10,3,0.006693413052,45,7,7,48,41.76378746
L450,13,31,3,1,0.2350237493,75,39,7,84,48.51251832
L451,66,60,8,6,0.2522390799,29,28,9,29,45.06753604
L452,76,28,9,5,0.4121838419,28,1,0,7,29.58091573
L453,18,18,4,4,0.01541369814,22,16,7,48,26.24819691
L454,14,0,8,4,0.5707222379,94,33,9,67,43.97912146
L455,46,7,0,2,0.3087790939,80,54,8,90,55.04006595
L456,30,72,0,2,0.1940884716,41,32,3,4,35.2862687
L457,71,77,9,2,0.9053794271,58,85,6,33,65.49919809
L458,44,1,3,1,0.3482994902,92,47,6,57,48.15107643
L459,65,80,7,5,0.1013522343,83,12,2,54,59.02332258
L460,92,15,9,4,0.512557667,60,37,5,61,54.31281955
L461,31,22,3,4,0.8641769363,96,20,9,11,37.71349179
L462,45,51,4,6,0.9682555149,46,40,7,8,39.84071262
L463,9,66,7,1,0.2138323127,43,65,9,89,55.40501914
L464,59,67,8,3,0.1204359356,87,69,3,23,61.13426084
L465,16,69,9,3,0.7104022655,52,87,7,22,50.90244061
L466,77,74,7,1,0.6145449139,16,50,1,63,55.48178411
L467,79,33,5,3,0.5228773215,92,83,9,11,60.44507249
L468,74,38,7,6,0.8079801891,34,32,1,21,40.95943524
L469,27,45,7,5,0.1469216835,56,88,10,52,55.58377212
L470,27,89,0,1,0.03125591214,65,4,8,20,41.00220842
L471,27,80,3,5,0.722156661,34,16,9,13,35.96214469
L472,13,16,8,4,0.3998132284,7,58,5,35,28.04597688
L473,49,48,2,4,0.4581060597,54,87,5,25,52.57824807
L474,49,79,10,5,0.8062179038,27,44,10,43,51.30393837
L475,41,44,0,6,0.5446172484,12,65,5,72,47.0392585
L476,64,31,3,4,0.5704851815,57,89,1,92,65.43504202
L477,77,43,8,4,0.1336920045,83,21,1,20,49.25939058
L478,79,13,2,2,0.1154332239,37,28,7,28,37.57005412
L479,16,92,5,5,0.2566654818,20,6,3,66,40.85381926
L480,18,37,8,3,0.4152390813,26,70,8,26,37.62748826
L481,37,95,8,2,0.2306910656,24,73,9,12,49.85268618
L482,48,92,6,1,0.728656878,74,59,4,33,60.86763616
L483,57,6,3,6,0.2102002343,49,59,5,90,52.7223276
L484,83,63,4,3,0.5069260779,81,12,2,54,57.95159207
L485,76,92,7,5,0.1552514352,71,61,5,36,67.65434872
L486,37,85,9,6,0.04548861379,52,95,3,61,66.67546571
L487,25,23,0,2,0.02226858765,77,2,1,1,25.10008336
L488,37,8,9,6,0.8091312323,100,91,5,77,63.94819071
L489,44,35,8,5,0.1735886871,46,69,2,44,48.50074914
L490,53,82,7,3,0.5647298139,0,0,6,6,30.18485251
L491,89,85,9,3,0.4285724694,49,16,5,68,62.15114652
L492,46,36,6,2,0.5245363185,54,0,10,37,36.69057084
L493,17,80,3,4,0.6278841462,66,37,1,54,50.31191915
L494,77,69,5,3,0.4453265985,5,14,10,4,35.90911204
L495,75,6,6,2,0.4269339461,30,48,1,1,32.4573083
L496,30,79,0,1,0.113369376,90,10,0,94,58.25934022
L497,14,48,1,1,0.6912186063,12,48,0,18,27.33551724
L498,91,85,2,4,0.2287420487,34,19,1,89,62.30443591
L499,63,75,7,2,0.6674270169,11,62,10,20,48.02064093
L500,24,100,4,4,0.6518865049,39,63,2,63,57.40464892
L501,19,49,9,4,0.981142693,22,40,2,100,47.12288417
L502,50,86,4,2,0.4712176125,34,16,10,68,51.81447536
L503,92,92,1,4,0.02937303637,26,46,8,88,68.39651855
L504,24,97,1,4,0.2271564884,72,42,4,89,63.83670116
L505,53,96,8,4,0.8420072906,2,44,4,51,50.35293896
L506,82,56,1,4,0.4509098491,38,25,1,44,48.17073361
L507,61,35,9,3,0.1891216169,72,87,5,89,69.19340627
L508,61,83,0,1,0.3003352785,86,42,0,68,65.3832891
L509,40,4,3,4,0.5117932076,97,15,10,8,34.77241838
L510,88,25,2,1,0.1545255356,83,86,1,50,64.39750054
L511,8,7,3,2,0.8372844657,51,62,9,32,33.49377523
L512,56,96,5,2,0.5750294449,98,49,6,65,72.33247306
L513,74,11,4,1,0.6901622129,2,75,5,60,44.57671609
L514,11,22,7,3,0.2369569768,65,14,6,11,26.67378045
L515,35,57,2,3,0.01986942228,94,87,0,22,57.47514383
L516,32,99,6,4,0.8526594452,4,18,2,33,38.09442762
L517,20,71,9,4,0.8080895046,3,100,1,33,46.32344767
L518,20,66,6,5,0.5221051372,27,31,3,51,40.13838534
L519,65,4,0,2,0.7368411025,76,78,5,50,53.7810724
L520,37,60,2,3,0.2323578935,49,7,0,41,38.16716688
L521,92,80,9,2,0.4128654672,69,19,8,69,66.74584451
L522,84,7,3,3,0.2690850653,14,39,0,9,30.51135776
L523,95,39,9,3,0.3761469209,58,71,5,73,67.69666592
L524,52,19,4,4,0.3753032341,55,50,1,49,44.89954045
L525,25,25,0,4,0.924170085,91,84,7,23,49.79396561
L526,90,51,6,3,0.5827295377,65,49,9,24,57.0082582
L527,18,25,5,5,0.4104917503,17,35,9,30,27.66488033
L528,86,80,3,6,0.3058054072,91,51,9,63,74.579751
L529,46,94,7,5,0.8299546906,47,32,3,17,48.24334766
L530,20,80,4,3,0.5942063335,70,57,3,78,60.45873706
L531,25,87,1,5,0.1383908432,32,14,6,74,46.76986612
L532,35,43,6,1,0.1955325102,54,52,9,46,47.16395507
L533,40,4,2,5,0.806068675,96,38,2,24,40.5759268
L534,14,77,10,4,0.376521855,12,52,0,33,38.76949791
L535,67,42,7,2,0.5294923309,99,35,3,76,63.51147773
L536,16,28,4,3,0.2215061904,47,82,9,10,38.16508801
L537,78,51,9,3,0.2270404876,89,32,7,36,58.47268744
L538,78,22,3,5,0.6971908559,72,58,1,52,55.88075893
L539,76,83,6,5,0.3567793687,28,15,6,32,48.15270093
L540,9,32,4,4,0.3992708123,32,99,10,67,49.31026781
L541,74,31,8,4,0.843515836,96,62,4,70,67.01991581
L542,85,17,2,2,0.6127083825,72,51,5,51,54.71514778
L543,34,87,3,3,0.8254780227,50,4,1,56,45.75206544
L544,86,27,1,6,0.6923984033,54,31,4,40,47.8338536
L545,71,54,8,6,0.5190312273,73,68,2,1,54.31405969
L546,21,21,8,4,0.8221415942,95,5,0,75,44.02728615
L547,89,21,6,4,0.8546458284,0,38,6,81,47.09865102
L548,39,76,3,1,0.7897729248,60,1,1,31,40.76437613
L549,9,88,5,6,0.4197537002,82,28,2,30,47.97319387
L550,55,93,7,4,0.03505586469,68,61,2,73,69.54703397
L551,7,98,0,6,0.1091423092,18,38,8,96,51.93668332
L552,64,11,9,5,0.3632234259,76,82,9,61,60.79762966
L553,69,11,9,4,0.2666766563,72,52,3,56,52.92471797
L554,85,69,8,4,0.421842529,39,57,4,64,63.29928401
L555,94,57,10,2,0.2461220693,48,44,2,85,65.56447454
L556,45,78,2,2,0.4615847952,87,94,8,54,70.96974247
L557,64,10,3,6,0.5367951385,28,63,0,58,44.54733539
L558,73,45,0,6,0.8013235947,48,100,6,90,70.65168436
L559,66,23,9,4,0.996742866,8,15,3,12,27.01090461
L560,58,45,3,3,0.9818640129,54,61,9,98,63.59813908
L561,27,88,1,5,0.8646973209,35,69,1,48,52.65613921
L562,82,21,7,5,0.1888401756,88,85,10,51,66.89449885
L563,71,28,0,5,0.09237024983,96,49,2,22,52.31661252
L564,22,25,10,3,0.7714907752,9,85,10,96,49.95628778
L565,22,94,0,4,0.9816464335,94,45,7,71,64.74752414
L566,41,71,1,6,0.02886810217,91,49,5,67,63.41557258
L567,54,85,4,1,0.7471483628,3,56,1,25,44.01291961
L568,59,40,1,5,0.850483112,77,36,4,6,43.84114444
L569,19,61,6,3,0.1233361988,7,80,2,79,49.25740671
L570,31,46,7,2,0.7183248847,51,97,1,97,63.73922372
L571,74,13,4,1,0.6726806057,24,5,9,39,32.50438626
L572,45,18,9,6,0.4142058102,30,49,9,19,35.52000795
L573,81,65,2,6,0.1949017199,22,14,6,91,55.01825034
L574,25,36,10,3,0.1296730135,57,58,5,26,42.17048904
L575,18,83,9,2,0.6269606786,5,81,9,69,52.99373799
L576,7,78,2,1,0.653688808,24,96,2,37,47.44329571
L577,58,36,1,4,0.5563199741,52,34,3,75,50.48978065
L578,71,92,5,4,0.3507543687,68,30,2,71,65.77609019
L579,84,3,6,5,0.07943969123,85,31,7,53,52.50570653
L580,31,81,3,5,0.914484835,43,36,1,42,46.53540107
L581,38,84,5,6,0.1929449414,49,48,10,5,46.97188824
L582,87,0,3,2,0.09576449662,41,73,8,92,58.63910988
L583,94,70,10,5,0.04153308441,13,94,10,61,68.39884807
L584,14,57,0,4,0.1595880833,53,64,1,31,42.94250441
L585,77,72,2,3,0.402666089,49,48,7,40,57.16533436
L586,33,75,9,2,0.4295956747,57,75,1,58,59.46934679
L587,65,90,10,2,0.7681220878,4,57,3,64,56.66063181
L588,88,45,6,4,0.9237783149,39,29,8,53,52.28431518
L589,75,82,4,4,0.6722545908,5,51,9,51,53.96027062
L590,92,81,2,6,0.1709521194,51,62,1,63,68.61521214
L591,77,38,0,4,0.5711726883,3,55,8,6,36.69950502
L592,56,26,4,3,0.6274145145,16,100,5,48,49.54554468
L593,79,37,2,1,0.4902090449,7,56,6,78,51.05182908
L594,68,14,6,1,0.05117441957,42,13,6,36,35.64203274
L595,43,34,8,4,0.1991591387,68,52,9,34,48.31407657
L596,41,90,8,3,0.5720673904,74,69,7,34,62.56177825
L597,55,54,6,4,0.3234437488,25,29,3,48,42.97389442
L598,43,79,6,2,0.7021706164,16,9,7,8,32.70160682
L599,38,34,10,2,0.6139680721,35,61,4,96,53.75753348
L600,35,71,7,2,0.9176492984,63,51,2,10,46.34443617
L601,88,87,4,3,0.2390035721,91,35,3,31,65.56311084
L602,49,74,8,4,0.5043711499,51,98,1,97,73.27679259
L603,7,15,0,6,0.5303512011,85,4,7,93,41.67253404
L604,88,78,0,2,0.9933857953,3,10,8,72,50.19036759
L605,34,3,4,2,0.5126175361,61,72,3,52,44.35113253
L606,93,57,8,2,0.8181414771,78,2,10,32,54.17978946
L607,94,11,3,4,0.2178544653,18,26,1,32,36.2486772
L608,26,80,7,1,0.600465033,85,38,2,40,53.56337556
L609,82,30,0,3,0.5287564078,21,89,4,92,61.5956255
L610,64,91,0,6,0.1856173596,90,44,0,94,74.55672645
L611,63,52,10,1,0.08913817976,60,74,2,13,52.6991356
L612,29,87,3,2,0.8334271476,20,35,7,59,46.51987276
L613,88,72,6,1,0.8808993459,46,75,2,51,65.49450841
L614,69,63,4,4,0.719635969,14,37,7,5,39.02679979
L615,61,99,2,6,0.7969670314,34,6,4,41,48.62017043
L616,83,35,7,5,0.9638000846,72,79,2,84,70.49123904
L617,20,11,10,2,0.8881114889,38,24,10,61,33.88665447
L618,34,37,8,6,0.4138413353,23,82,7,88,54.6770506
L619,11,75,10,3,0.894407221,56,66,0,92,60.13310464
L620,40,89,6,1,0.3603208005,4,46,0,25,40.49053438
L621,31,57,4,3,0.2128732965,38,15,5,100,48.50827493
L622,29,57,7,4,0.8751326859,6,35,6,71,41.35544197
L623,21,90,9,6,0.1285110051,1,51,1,42,42.36183756
L624,66,32,7,4,0.3376790019,59,41,8,7,42.97662149
L625,79,45,8,2,0.6278279983,31,78,7,70,61.42303363
L626,95,22,1,6,0.7005528481,57,17,0,18,41.51356864
L627,69,90,4,5,0.0931973687,100,50,6,2,62.47004059
L628,87,61,7,4,0.4289254521,30,69,1,42,57.74507827
L629,30,77,10,1,0.9850157342,49,9,6,80,50.38033525
L630,11,13,3,1,0.7479426702,91,2,3,58,35.00922892
L631,28,30,5,4,0.9707871109,19,100,6,19,40.6074821
L632,63,3,0,2,0.1583510663,59,10,0,92,43.90012305
L633,65,56,2,4,0.1651230934,100,42,9,6,54.43783224
L634,12,26,1,6,0.4767637152,40,37,6,77,39.36341473
L635,32,50,2,3,0.4036705101,59,93,0,57,56.78238453
L636,71,83,10,5,0.4201410302,4,77,9,92,67.32195167
L637,38,70,7,2,0.1696857584,20,79,9,79,58.27012881
L638,76,100,10,6,0.3182574538,50,76,2,5,62.32158447
L639,41,26,4,2,0.3179960288,55,23,2,55,39.9077128
L640,39,48,10,1,0.2300711905,35,80,1,5,41.99815131
L641,25,60,3,5,0.6919708897,23,84,6,46,48.40848507
L642,63,24,6,3,0.7886928808,7,57,3,23,35.78331998
L643,92,55,6,2,0.7480792949,11,51,1,40,49.56866057
L644,56,97,4,5,0.07058957523,8,75,9,50,58.25114484
L645,14,13,8,5,0.4019270091,16,80,2,73,40.49850493
L646,25,34,0,1,0.9228743139,16,86,4,26,36.95845202
L647,13,71,0,1,0.6024271922,99,94,6,38,61.80130982
L648,54,70,6,6,0.9422724951,63,8,5,16,43.85872864
L649,31,31,3,5,0.4893047035,27,26,6,65,37.25853485
L650,19,40,0,4,0.4345737242,51,81,3,29,43.56989709
L651,27,95,8,5,0.04430171468,18,93,9,16,51.92426173
L652,87,93,5,5,0.2751665583,54,75,8,40,70.35931674
L653,36,61,10,5,0.6552855816,93,8,4,10,43.61217911
L654,46,11,6,5,0.7173866718,95,69,9,77,61.05704823
L655,12,66,5,4,0.4091150056,98,5,6,48,46.82172906
L656,93,78,0,6,0.6901851597,85,77,6,71,79.82580743
L657,83,23,2,6,0.3852279964,28,42,8,95,55.05471136
L658,49,48,2,3,0.5731916038,64,80,8,19,52.40872401
L659,27,91,0,4,0.984198068,24,89,7,94,64.55644184
L660,31,80,2,4,0.4131404376,54,16,8,6,38.58494185
L661,10,23,1,4,0.2007089088,90,16,1,61,39.50210173
L662,33,36,2,3,0.9063526716,10,56,4,22,31.97443771
L663,35,87,3,2,0.7559336925,18,27,6,25,39.03375339
L664,27,44,10,2,0.9490918077,100,72,9,81,66.27385662
L665,74,12,10,2,0.1944627392,98,60,10,2,51.37831487
L666,60,87,2,5,0.7411366343,4,76,9,70,60.10374242
L667,23,92,5,3,0.1308698602,7,19,5,77,44.2780007
L668,56,31,10,5,0.4695468888,29,20,6,97,48.74901731
L669,31,27,9,6,0.8120327863,48,2,2,94,42.10963835
L670,38,82,0,4,0.1130116518,11,63,6,22,43.31672396
L671,19,53,2,5,0.3408690596,25,91,1,68,50.6400776
L672,66,74,7,3,0.2238543589,58,57,5,57,62.68664182
L673,48,53,9,1,0.381308654,40,80,4,83,60.99266539
L674,25,74,7,1,0.1376300595,85,39,5,5,46.195007
L675,49,91,3,5,0.08710245939,71,28,1,55,58.06273711
L676,85,62,4,4,0.8573341516,54,34,8,36,55.14515326
L677,78,46,10,6,0.3662402396,89,80,7,54,70.9514772
L678,86,17,9,6,0.5614910329,29,12,4,50,40.91221504
L679,72,86,10,3,0.9493771798,42,81,7,38,65.12448454
L680,85,25,1,4,0.08397434272,72,45,7,97,64.38398497
L681,13,1,8,5,0.9483395175,95,34,8,41,39.45375504
L682,70,39,10,6,0.01646949937,100,72,9,57,69.54347336
L683,90,99,3,5,0.8591686926,90,27,10,87,78.90032418
L684,92,51,9,4,0.6509679314,54,11,5,87,60.0864687
L685,59,1,4,6,0.9798516225,100,1,7,87,50.95405933
L686,88,81,8,1,0.2590015958,81,45,4,52,69.01522213
L687,93,93,8,4,0.3000538702,9,74,7,46,64.04223732
L688,72,96,7,5,0.7315788899,30,73,8,49,65.2743318
L689,36,4,1,1,0.5187464328,76,72,10,27,43.58602215
L690,50,68,5,1,0.986516309,54,100,8,79,70.11244856
L691,42,41,2,6,0.03962285254,74,20,4,22,40.42909791
L692,74,69,0,3,0.1407146624,12,46,7,71,54.05001404
L693,41,75,3,4,0.8580755309,7,49,4,2,35.60504057
L694,27,76,3,2,0.1865088303,66,68,1,80,61.91320299
L695,29,69,3,6,0.5319226069,21,95,6,94,61.9793743
L696,21,36,5,2,0.9313598857,99,33,0,62,49.60377184
L697,29,87,3,6,0.6347405327,11,67,10,55,51.46265938
L698,85,73,5,1,0.6462074687,88,65,9,11,64.68326372
L699,34,37,10,4,0.92072412,71,48,4,16,43.08831609
L700,19,4,5,2,0.5534347435,17,49,6,44,28.07540633
L701,82,55,7,2,0.6272613475,76,93,9,55,72.72562143
L702,46,93,7,5,0.8060701988,17,58,5,41,52.2617657
L703,20,19,6,3,0.9372669348,71,11,2,64,37.72749373
L704,22,69,10,5,0.08580030481,91,0,7,54,49.44178704
L705,65,68,9,1,0.6041779961,97,13,2,17,52.22308898
L706,34,83,5,1,0.5195250673,16,28,1,92,49.90801843
L707,11,2,6,3,0.4165400033,97,30,0,8,30.15646362
L708,60,2,9,6,0.1983704227,35,56,0,71,45.82350085
L709,67,2,10,2,0.8422627731,81,80,10,66,61.08097089
L710,22,71,7,5,0.5248183483,67,49,0,24,47.0354656
L711,93,4,5,4,0.669409947,9,21,1,33,32.69533082
L712,16,74,0,1,0.6699759241,52,31,2,61,45.5307046
L713,7,5,3,2,0.424962676,84,11,8,87,39.7366334
L714,42,26,7,1,0.3798793795,93,29,1,34,44.70884598
L715,39,21,10,1,0.8784893536,77,79,9,74,59.55534186
L716,68,25,9,3,0.3942604974,22,31,0,83,46.24416999
L717,75,93,10,4,0.3632539045,93,8,10,58,67.31105374
L718,36,8,10,2,0.8643389788,62,68,7,78,52.08135719
L719,27,73,2,3,0.5747736427,27,62,2,6,38.80747723
L720,7,15,4,2,0.8744341203,9,12,4,45,18.94148655
L721,55,30,9,5,0.1460287263,6,70,10,78,50.41118069
L722,35,17,0,1,0.3919273281,18,34,6,80,36.66516678
L723,37,63,2,6,0.6556134076,26,6,2,99,46.29423766
L724,85,98,1,6,0.06509008019,4,12,2,46,48.67153506
L725,30,0,5,2,0.4819141375,16,19,9,48,24.80499592
L726,10,7,8,6,0.7665098619,50,13,7,45,28.11622537
L727,35,88,4,2,0.8021957462,0,66,1,31,43.64032285
L728,34,38,6,6,0.8249431951,23,100,8,47,50.34966997
L729,50,94,5,5,0.5269488191,56,26,2,90,62.93627709
L730,29,80,10,4,0.9181144838,7,14,9,6,30.63569306
L731,68,54,10,5,0.03985379988,99,3,2,95,64.37553275
L732,30,49,5,5,0.2501651128,48,35,6,12,36.44643811
L733,86,17,8,6,0.1773324483,24,19,10,12,34.89991648
L734,82,19,5,6,0.02680922595,20,36,7,84,49.62205718
L735,29,64,5,3,0.9150455864,96,64,7,100,70.67347021
L736,26,63,7,6,0.1658397988,31,19,1,88,46.20041118
L737,32,17,8,2,0.3261027881,95,73,8,93,62.89780079
L738,77,90,2,2,0.2308324011,45,57,4,88,69.96768135
L739,53,1,0,4,0.312258411,50,30,5,66,40.09818476
L740,46,2,5,6,0.03045470563,77,79,1,60,52.87946467
L741,20,25,3,1,0.2258808863,17,57,4,96,42.76363307
L742,73,50,8,6,0.7012458504,11,41,2,13,39.2148479
L743,50,76,10,1,0.5117808613,99,41,2,87,70.21307409
L744,10,42,9,3,0.6584350836,51,36,8,16,33.65108398
L745,16,42,8,2,0.4238717204,39,61,0,13,34.75557516
L746,13,92,0,6,0.1450297888,13,23,8,46,38.53357959
L747,57,38,4,2,0.7536967942,48,89,7,28,52.44330359
L748,47,50,5,6,0.586813869,43,30,1,5,35.93621692
L749,35,59,7,6,0.8294603435,97,14,3,83,58.39652257
L750,28,12,0,4,0.7496660212,23,96,10,34,39.79883718
L751,74,90,0,1,0.5814836967,98,9,1,2,52.79345479
L752,74,60,9,4,0.9382981362,48,50,4,64,60.14151287
L753,94,92,6,4,0.5771924388,57,10,9,29,57.77348195
L754,89,50,1,2,0.9650309135,94,19,6,52,60.1466341
L755,9,93,10,2,0.108528357,85,31,7,58,56.53427269
L756,77,59,5,5,0.68505299,6,78,8,87,62.39185191
L757,49,59,3,6,0.3550152661,94,23,4,16,48.72707635
L758,74,5,6,1,0.01244716676,25,55,3,14,35.05990034
L759,31,92,0,4,0.1290209558,55,78,10,56,62.47690335
L760,51,18,6,3,0.2974181391,97,13,6,94,55.22946065
L761,88,38,8,5,0.4165434748,28,96,4,20,55.0607105
L762,23,59,2,3,0.290793233,77,14,5,80,50.43891339
L763,68,7,3,1,0.08730219633,22,77,2,25,39.28880515
L764,30,43,6,5,0.5116302178,70,44,7,74,53.54635738
L765,27,26,4,2,0.02223009793,59,43,6,61,43.68247508
L766,19,100,5,3,0.2677002782,67,66,8,49,60.77933018
L767,45,53,4,3,0.6917529396,69,30,5,45,48.79158557
L768,61,19,0,2,0.2449637002,86,53,4,32,49.28070703
L769,45,23,1,3,0.2632591948,16,30,5,11,25.72096357
L770,25,11,3,4,0.5215568474,77,46,9,72,47.41798304
L771,20,100,8,1,0.7600578703,9,8,9,22,34.05369422
L772,29,73,7,1,0.9236546693,52,49,7,48,51.13486474
L773,31,74,3,3,0.2653012223,65,41,9,87,60.01258609
L774,31,46,9,6,0.9222721902,37,7,9,66,40.59818804
L775,92,95,10,3,0.4545585226,96,55,4,36,74.99139006
L776,16,48,1,4,0.298535753,58,87,3,62,53.50553463
L777,64,12,5,1,0.822147706,41,81,2,25,44.41042957
L778,21,95,4,6,0.7219389839,64,36,1,28,48.98893947
L779,39,71,0,1,0.1601602596,0,27,7,77,42.55947177
L780,47,13,6,1,0.7602737957,45,52,9,52,43.24914957
L781,74,8,4,2,0.7823798866,51,32,6,51,43.82809783
L782,69,14,6,5,0.7486955219,52,80,3,68,57.04005249
L783,82,16,1,4,0.2982712838,76,75,8,75,64.6166092
L784,79,79,1,6,0.9303863458,26,49,4,93,64.73770419
L785,51,36,9,2,0.675350257,91,29,7,76,57.79228615
L786,72,87,0,5,0.5539622843,35,89,0,23,59.68474297
L787,88,19,10,1,0.7042659295,14,73,1,26,44.57941795
L788,19,4,9,5,0.9808800907,94,94,2,77,58.42553022
L789,72,35,10,4,0.1033034075,92,75,5,70,69.56010823
L790,68,49,5,5,0.8664491432,88,66,4,66,67.40745142
L791,80,90,9,2,0.9097029039,4,40,0,80,58.60346585
L792,16,66,2,3,0.7497782996,71,62,1,32,48.61113043
L793,40,8,5,3,0.02681394368,44,76,7,12,37.3615061
L794,67,55,9,1,0.9705964172,35,27,9,86,55.54999329
L795,84,40,5,3,0.8833838307,96,66,3,92,74.69039835
L796,87,76,1,2,0.159420186,26,34,4,2,44.47504124
L797,22,57,7,4,0.3439973457,35,98,7,97,62.70965774
L798,82,69,4,2,0.1295305995,85,16,6,25,55.38886937
L799,26,8,3,3,0.4125757618,81,17,8,41,35.90283793
L800,41,89,10,2,0.464180542,83,21,3,89,64.83996375
L801,8,0,8,1,0.01289077789,30,77,10,43,33.91055858
L802,82,40,2,1,0.3326727315,6,87,3,4,43.16723355
L803,28,68,9,5,0.8693012882,74,48,7,100,65.10914431
L804,51,98,3,1,0.4692281613,91,16,5,4,51.62252312
L805,46,64,2,2,0.9034232219,57,74,2,12,49.78999111
L806,48,7,6,1,0.655110521,9,17,3,13,20.04889723
L807,51,72,4,1,0.1175348529,47,51,2,51,53.47086008
L808,64,59,9,3,0.9914248688,37,79,1,95,66.66510866
L809,87,55,7,3,0.9077024166,27,68,10,16,52.47280662
L810,30,79,9,2,0.4179550366,12,32,7,68,45.86556693
L811,61,100,5,6,0.3578535812,34,68,9,62,66.16059244
L812,70,9,5,2,0.8654349787,53,34,3,34,40.39572854
L813,88,25,10,6,0.3180755762,68,27,5,70,57.34070039
L814,29,70,6,2,0.1983914563,16,21,1,4,28.58210366
L815,25,15,7,5,0.8578359803,68,33,2,29,35.41342355
L816,20,92,10,6,0.2939725025,60,80,3,59,63.2747878
L817,45,85,5,4,0.4786958695,30,61,5,3,45.68563199
L818,37,25,2,2,0.5400202932,30,76,2,91,50.86980035
L819,48,20,6,4,0.211383375,11,49,6,91,45.05970926
L820,75,62,4,4,0.6723436993,94,86,5,25,68.13655092
L821,69,51,2,2,0.02094957653,73,99,10,44,67.05390699
L822,7,48,0,4,0.8613039625,71,62,8,90,55.72062714
L823,60,87,1,2,0.7097033767,41,5,2,5,39.02489699
L824,28,15,9,1,0.96178023,90,66,3,100,59.95444024
L825,37,24,3,6,0.6678759982,87,42,0,41,46.10501569
L826,47,84,7,1,0.1495853312,76,73,0,23,59.60727602
L827,66,70,4,5,0.1460575436,52,58,0,43,57.11617558
L828,80,21,6,5,0.1162979758,96,37,7,53,58.45147238
L829,43,41,2,2,0.168439969,72,42,2,33,45.43462479
L830,41,4,8,4,0.9027458357,68,52,7,94,53.42971271
L831,91,28,4,2,0.4800822374,28,1,7,54,41.27976171
L832,7,13,4,6,0.6911370518,100,44,2,42,41.89490709
L833,81,46,8,3,0.3469342629,8,52,8,62,51.40752401
L834,86,3,2,5,0.4842206746,47,21,7,92,50.4759685
L835,63,73,2,6,0.9015241461,89,64,7,53,68.56359752
L836,42,83,8,4,0.3239940609,4,10,4,99,48.72113359
L837,22,29,7,2,0.06020661291,0,2,5,26,17.82764845
L838,34,95,5,4,0.8565591811,10,54,4,8,41.1603127
L839,25,9,4,5,0.7069848507,85,70,3,98,57.41520418
L840,41,71,3,5,0.9428722987,66,42,0,74,58.03510677
L841,10,76,5,4,0.6024174171,13,66,1,21,37.66334623
L842,39,41,1,2,0.5999362135,66,86,8,22,50.88127851
L843,35,23,6,6,0.7896236966,96,87,0,68,61.64560014
L844,23,85,6,2,0.2268689343,46,60,9,48,53.49180534
L845,84,25,2,6,0.9195553075,54,48,8,30,49.4099393
L846,56,43,8,6,0.2830460095,59,29,3,67,51.96999824
L847,84,50,2,3,0.08761348487,96,37,2,12,54.80612589
L848,85,20,3,4,0.8786303351,72,96,5,70,68.17606948
L849,70,52,6,6,0.3351672451,91,73,4,10,59.83439928
L850,83,33,10,3,0.9955801419,70,100,4,54,68.58161594
L851,30,3,3,2,0.6333796445,7,11,4,44,20.04473422
L852,86,1,6,4,0.2966392742,59,29,8,33,43.35190171
L853,51,60,9,2,0.2371079068,45,11,6,78,50.23705771
L854,31,5,4,2,0.7931619949,9,43,8,74,33.86846489
L855,95,63,8,4,0.6991607771,21,22,8,33,48.7930047
L856,84,48,10,5,0.08152221648,46,8,2,49,48.29154073
L857,11,79,4,5,0.9044217881,67,42,7,27,46.53347328
L858,8,63,3,6,0.9790902997,53,76,2,27,45.78149311
L859,64,71,5,5,0.05162409134,89,12,10,57,59.97165172
L860,79,10,8,1,0.9493889068,97,86,10,73,69.9137649
L861,33,66,1,1,0.9893335301,71,83,2,4,50.18959129
L862,95,47,4,5,0.9093334075,48,10,10,92,59.75282181
L863,12,2,1,4,0.05578296993,54,92,3,91,49.62760771
L864,7,19,0,4,0.0246089061,17,11,2,26,16.47983108
L865,71,26,3,2,0.6178422159,79,6,8,85,53.75827565
L866,41,75,7,3,0.7256333784,50,21,2,27,43.43408459
L867,36,22,8,4,0.5430115092,48,30,2,58,39.95081927
L868,46,5,6,1,0.8125713492,48,7,6,58,34.06375428
L869,67,18,2,3,0.7678656965,61,51,4,31,45.54945746
L870,61,59,6,4,0.3131893294,45,88,8,31,57.9144777
L871,8,94,2,2,0.6269463205,15,36,5,60,42.6488945
L872,84,47,10,5,0.9125100572,65,26,1,20,49.60016076
L873,16,89,2,3,0.3149642744,14,21,8,37,36.45885176
L874,94,81,6,3,0.2802470071,27,75,7,72,69.97714776
L875,31,51,5,1,0.1652776417,59,65,4,37,48.49915698
L876,63,87,7,1,0.4188919131,5,0,7,97,51.2297379
L877,22,66,2,4,0.5923428704,68,21,5,11,38.23612961
L878,63,57,6,2,0.2062826729,67,14,5,35,47.74072786
L879,90,99,0,5,0.2473705003,27,17,4,21,50.43059485
L880,25,1,1,5,0.7721861213,91,36,4,7,32.71501977
L881,21,49,0,6,0.3094039627,100,68,7,21,52.16661879
L882,69,69,8,1,0.6966717956,33,84,0,98,69.48220935
L883,93,59,5,1,0.3861238629,50,64,8,82,69.42271733
L884,74,3,4,2,0.1780088615,73,83,2,77,60.95371902
L885,57,33,2,5,0.4485527549,48,71,8,84,59.08983617
L886,80,24,8,2,0.6301349447,1,5,9,88,41.69164973
L887,27,32,7,3,0.5012411237,90,15,0,16,36.49453702
L888,44,5,0,1,0.4742775588,37,84,4,92,51.24034819
L889,46,10,6,6,0.257202865,62,0,1,43,33.38264834
L890,40,57,7,4,0.6679074834,18,18,2,15,30.97090287
L891,61,86,8,4,0.1891464958,86,95,3,57,76.6646849
L892,82,70,8,4,0.3956267347,78,24,4,41,59.65441045
L893,37,33,9,6,0.8631949983,53,50,0,17,39.43744381
L894,19,57,1,1,0.3051730679,72,65,10,38,50.44166815
L895,18,42,6,6,0.8330652385,81,74,2,83,59.92978216
L896,59,72,3,3,0.5597195765,9,8,0,53,39.76244893
L897,30,70,1,6,0.8154186815,91,38,9,5,48.04899186
L898,9,71,5,4,0.07359789564,44,44,2,66,46.94902479
L899,47,50,9,1,0.7839171817,87,93,6,31,62.21922031
L900,83,53,2,3,0.4124387269,21,62,3,35,50.27064603
L901,38,31,3,5,0.4917932383,43,21,2,15,30.36245109
L902,66,50,10,3,0.7782967039,46,5,10,70,49.9575916
L903,88,27,7,2,0.6435488315,30,32,8,9,39.01222369
L904,86,34,5,5,0.942313996,99,68,2,56,68.18826943
L905,8,0,7,2,0.0188318073,35,82,0,13,28.16456297
L906,22,72,8,6,0.4573587481,3,69,10,94,54.49381615
L907,73,42,10,1,0.0366286236,57,85,2,47,60.73506353
L908,35,35,7,1,0.1210839432,95,77,9,84,65.73209197
L909,44,94,5,3,0.4791957147,24,86,0,65,61.5861311
L910,21,97,2,3,0.850724146,10,3,1,91,43.84119062
L911,65,61,8,6,0.0338092455,4,58,1,28,44.25940669
L912,88,22,1,6,0.8443604731,28,1,5,33,35.41084204
L913,75,95,2,5,0.935732611,54,82,9,66,74.50885574
L914,65,46,3,3,0.7268805692,49,61,0,54,53.97073538
L915,39,67,8,2,0.06050684135,63,33,7,52,51.92736616
L916,10,44,0,1,0.375056705,73,87,5,43,50.45505584
L917,76,85,5,1,0.4461026516,66,78,0,95,77.86333703
L918,67,51,10,1,0.05478059314,82,7,2,74,56.33240505
L919,77,37,8,1,0.6789399501,50,64,4,77,61.04968295
L920,27,19,7,5,0.8343053565,45,45,0,83,44.41275863
L921,30,0,1,4,0.6670156018,57,41,3,65,38.633577
L922,68,21,4,3,0.5191130155,23,53,5,96,52.39836411
L923,73,81,4,3,0.04441638538,42,16,2,75,56.71356182
L924,29,6,8,5,0.4067138099,12,64,7,3,25.74844534
L925,68,88,3,3,0.541727704,55,51,2,100,70.98509553
L926,80,49,4,2,0.4270747427,36,48,10,57,54.87115686
L927,24,39,0,6,0.6108021763,83,67,0,54,52.41592911
L928,45,88,2,6,0.06010373628,60,98,8,63,70.89283029
L929,33,49,8,1,0.1746500256,58,62,7,86,58.27107982
L930,33,30,4,5,0.8351460862,36,91,3,22,43.07192181
L931,74,46,6,3,0.5106510448,14,35,7,7,36.87948194
L932,31,99,5,4,0.5909912831,42,99,5,86,71.18610414
L933,25,89,3,6,0.8830494844,8,7,7,60,39.44124735
L934,63,10,6,1,0.2412685286,90,46,6,13,45.06543439
L935,7,1,7,3,0.07656310383,87,29,7,81,42.54345697
L936,27,49,9,3,0.6253909734,1,50,3,13,29.81333118
L937,29,60,6,6,0.1189195852,67,26,1,100,56.53626335
L938,24,83,5,1,0.7478019731,36,32,8,39,43.8214737
L939,95,74,4,3,0.3595392554,9,66,0,16,51.21836764
L940,9,20,7,5,0.9386656646,10,25,8,39,23.74306958
L941,18,17,4,1,0.06636756794,45,19,1,33,26.44952932
L942,67,76,5,6,0.1837416006,2,85,4,25,51.75940326
L943,89,71,9,3,0.880520629,33,40,4,15,50.74345926
L944,35,49,3,2,0.9549237117,66,18,10,47,44.2442945
L945,78,57,0,6,0.9406732271,75,39,4,75,64.16496149
L946,21,78,4,6,0.5358740615,24,2,5,38,34.2023182
L947,13,55,8,5,0.3920415574,21,59,9,42,40.68818228
L948,47,53,8,4,0.2560658823,12,62,1,58,46.98398039
L949,56,63,5,4,0.7231681403,72,14,1,24,45.92403694
L950,83,33,2,3,0.1585646017,21,24,5,63,44.85801959
L951,90,1,3,3,0.729151807,68,6,4,33,39.98647837
L952,22,86,1,1,0.07806015613,46,85,0,52,56.14529362
L953,75,28,9,4,0.7049335181,58,76,5,22,53.20024646
L954,29,7,2,5,0.5788618762,92,38,10,21,39.19140266
L955,54,100,10,1,0.8500019341,49,81,1,91,74.3008611
L956,79,19,9,3,0.05361355022,2,96,2,18,43.68848725
L957,41,95,8,2,0.5530469399,54,24,5,5,44.93359101
L958,52,11,2,1,0.9732031306,41,3,6,25,27.1979662
L959,69,50,8,6,0.9202078566,16,14,9,90,50.36791993
L960,66,42,8,1,0.982593289,70,33,9,48,53.25343805
L961,30,31,7,6,0.3700475124,84,72,6,63,57.35065671
L962,68,58,3,3,0.7695916066,73,41,6,40,56.08619995
L963,67,17,9,6,0.7751791954,6,17,9,34,31.75773753
L964,43,49,8,1,0.9146586369,40,78,5,30,48.83428786
L965,34,30,4,1,0.427124652,86,24,7,20,39.54547644
L966,16,84,1,3,0.1219880306,21,36,5,87,48.49086394
L967,10,4,0,5,0.1764301679,74,22,2,96,40.83844849
L968,36,50,5,4,0.4791893252,4,78,1,78,49.13400677
L969,81,99,3,5,0.4100490925,28,37,0,19,52.18589949
L970,10,87,4,6,0.9404335726,20,2,9,15,29.490542
L971,68,88,0,6,0.573201993,95,55,9,11,63.71142236
L972,29,68,6,5,0.8920568336,94,95,8,67,71.43535073
L973,38,68,10,6,0.05688482288,86,96,9,95,78.17191638
L974,43,16,10,5,0.5608137173,23,90,3,15,39.37951628
L975,39,59,4,2,0.6217734863,91,51,5,3,48.77817953
L976,33,27,4,4,0.1264062444,19,94,4,58,46.5759991
L977,79,55,9,3,0.6011058531,99,89,0,38,71.37961292
L978,37,76,8,1,0.7839702406,37,20,6,11,37.69812651
L979,69,65,5,2,0.4913835734,10,52,7,67,53.15933645
L980,21,46,8,5,0.3377551406,83,0,10,81,48.72376981
L981,18,44,10,3,0.6382387907,89,21,8,61,48.7813338
L982,15,46,6,6,0.5120738352,31,37,5,51,37.83761013
L983,55,30,7,4,0.9149703565,11,28,2,68,39.44736247
L984,85,74,4,2,0.9300610897,77,80,2,65,74.69934037
L985,56,70,7,2,0.675149416,25,17,7,10,37.29413733
L986,32,26,7,1,0.4263839721,80,60,5,11,42.61047255
L987,95,14,1,1,0.545495375,88,42,5,34,53.74441609
L988,88,54,3,5,0.9380631537,84,66,1,77,72.59359096
L989,61,32,4,3,0.2779942261,14,6,1,1,23.42493288
L990,48,15,4,3,0.9878139985,6,84,5,60,43.2927397
L991,51,53,0,5,0.3673934613,22,35,1,9,33.78689993
L992,85,28,5,3,0.8429504921,1,80,1,80,54.37611327
L993,55,96,5,4,0.414901019,77,42,2,58,65.02209434
L994,30,31,5,1,0.9993365208,98,34,2,94,56.70492582
L995,47,13,3,4,0.05844103904,44,76,3,66,49.05340355
L996,88,88,7,1,0.6094602711,0,28,1,52,50.88310304
L997,19,72,6,2,0.7148577795,33,97,10,98,64.69641514
L998,44,25,9,5,0.5919551414,49,43,9,83,51.26289181
L999,60,98,1,4,0.921172854,65,48,6,16,57.26466529
L1000,59,10,0,4,0.2145381614,50,85,8,58,52.53158749
,,,,,,,,,,
,95,100,10,6,0.9993365208,100,100,10,100,521.9993365