Location,Total Compensation,Workplace Safety Index,Promotion Potential,Culture Score,Work Life Balance Ratio,Tech Adoption Index,Learning Oppurtunities,Recognition Frequency,Diversity Index %
L1,44,36,9,5,0.9386459989,10,1,2,47
L2,17,62,7,2,0.0009291195791,73,37,10,18
L3,54,12,7,3,0.7355486546,26,94,9,91
L4,22,38,8,2,0.6632482644,12,12,3,11
L5,54,49,3,6,0.09152068628,56,4,2,72
L6,91,57,7,6,0.9985565229,18,90,1,37
L7,52,87,8,3,0.115477595,10,77,9,63
L8,65,91,4,2,0.2640504885,47,48,10,68
L9,55,58,1,2,0.4961576249,44,35,4,90
L10,59,90,5,4,0.3477366153,11,41,5,78
L11,16,43,2,4,0.5065511525,15,70,2,93
L12,33,7,8,2,0.2778621505,65,15,9,86
L13,80,96,6,4,0.6907317103,30,45,9,46
L14,53,87,6,4,0.1301886004,45,66,10,67
L15,92,22,10,1,0.2120952597,81,68,8,20
L16,65,66,8,5,0.5280327375,89,23,9,14
L17,89,46,1,3,0.9744039987,43,34,4,95
L18,23,100,7,5,0.4796955097,23,83,5,42
L19,94,89,7,6,0.1661595427,20,7,8,99
L20,33,68,4,5,0.4686031454,38,5,4,61
L21,67,41,8,3,0.5430140497,62,12,3,45
L22,28,21,5,6,0.1912625105,87,94,1,58
L23,41,61,10,1,0.03141127226,32,7,5,61
L24,66,69,8,5,0.0510681176,27,29,6,68
L25,63,80,7,6,0.9313781594,33,84,10,6
L26,55,69,4,2,0.8738205886,26,90,0,84
L27,10,92,3,3,0.5599404331,2,38,0,71
L28,63,51,5,4,0.02234069963,82,69,2,31
L29,95,31,3,1,0.7360516566,77,70,6,51
L30,88,6,4,1,0.4650984218,32,39,9,93
L31,19,68,1,6,0.8901603942,57,69,2,9
L32,54,27,8,3,0.3159755547,82,25,0,36
L33,41,36,0,5,0.1815275762,99,7,5,95
L34,75,64,8,3,0.6804884157,43,57,7,60
L35,91,3,10,4,0.6382226839,61,22,9,3
L36,14,47,6,5,0.5419175085,8,41,6,74
L37,16,85,5,3,0.7003896232,87,66,7,61
L38,37,74,9,6,0.9109125115,33,53,5,41
L39,50,66,7,4,0.5166426205,58,62,9,81
L40,46,84,1,1,0.06699797276,17,16,4,52
L41,35,13,7,3,0.7944244688,87,99,3,81
L42,72,4,0,1,0.7241029444,67,86,4,28
L43,78,48,6,1,0.5182495417,81,6,7,18
L44,82,47,10,6,0.5324270118,81,6,9,51
L45,52,27,8,5,0.2176128946,55,55,1,41
L46,8,97,7,1,0.2126539413,18,51,10,34
L47,68,41,2,3,0.9626299185,85,8,9,20
L48,33,44,2,3,0.06192626083,24,20,10,16
L49,46,62,1,1,0.5401421979,10,74,1,42
L50,51,74,1,2,0.7334179303,37,66,7,23
L51,11,39,0,2,0.8031715522,92,28,1,99
L52,71,21,4,1,0.7177219957,100,26,1,29
L53,78,52,9,1,0.3816748097,72,47,4,14
L54,62,28,7,6,0.2404716697,81,92,6,61
L55,79,20,0,1,0.710178939,29,71,9,60
L56,26,41,7,3,0.5053805335,75,66,9,5
L57,24,83,8,1,0.2029368313,16,60,7,97
L58,29,19,2,3,0.7729073231,95,39,4,76
L59,51,64,5,4,0.5128983436,0,22,1,71
L60,47,8,3,1,0.9151077306,59,28,4,89
L61,15,84,3,1,0.959295011,86,36,1,89
L62,57,21,10,5,0.06136555237,46,74,3,45
L63,77,34,9,5,0.3864864696,98,62,5,77
L64,57,93,1,1,0.8385677245,16,60,10,33
L65,51,91,3,5,0.2969883577,12,93,9,60
L66,74,86,6,5,0.554342686,27,71,5,95
L67,94,81,8,2,0.5589661539,48,10,10,55
L68,65,85,1,1,0.2141830987,26,70,10,59
L69,29,50,1,4,0.7660643678,90,67,4,32
L70,87,1,4,6,0.3394165261,60,39,4,28
L71,24,14,7,1,0.8636180667,60,82,7,4
L72,36,40,10,1,0.294279048,28,65,5,67
L73,42,20,5,5,0.02250218454,37,61,2,58
L74,33,60,2,5,0.1508014087,93,39,3,58
L75,12,76,6,6,0.9858432718,3,65,2,32
L76,76,0,8,1,0.5586926916,83,35,9,80
L77,55,9,4,6,0.8534553941,42,52,3,66
L78,76,17,9,4,0.5906232527,32,71,6,87
L79,53,89,3,1,0.7157102983,1,34,1,28
L80,33,71,3,3,0.2372311241,91,30,10,13
L81,77,19,1,2,0.2011322826,77,43,7,49
L82,42,77,3,2,0.1969820478,40,41,8,82
L83,85,56,5,4,0.06103748276,90,37,6,4
L84,29,98,9,4,0.5697728462,55,75,2,48
L85,20,44,3,2,0.9766518959,89,21,4,74
L86,50,27,5,5,0.6175826052,81,98,9,89
L87,85,80,10,2,0.5921155952,59,10,4,33
L88,15,76,10,5,0.07214101002,47,1,8,40
L89,47,36,7,6,0.7079618881,66,0,1,57
L90,39,22,3,5,0.5805677446,24,25,5,68
L91,51,39,2,1,0.1214985662,17,82,8,71
L92,22,2,6,3,0.6394120861,52,88,4,55
L93,41,5,6,2,0.02566212536,19,46,7,51
L94,94,69,5,2,0.8729866963,45,86,3,51
L95,42,70,3,2,0.662952922,18,50,10,11
L96,64,4,5,4,0.2697607548,15,53,9,37
L97,92,60,5,4,0.6216290468,33,52,5,27
L98,25,90,3,2,0.3663331751,72,90,9,27
L99,81,51,2,2,0.4099966603,24,81,2,96
L100,92,30,7,6,0.3820879638,30,18,8,61
L101,16,13,7,2,0.743464703,21,39,10,66
L102,20,59,1,1,0.6746807311,75,92,9,20
L103,71,95,9,4,0.3346143091,18,72,0,91
L104,87,73,9,2,0.3798327734,38,69,10,62
L105,10,34,9,3,0.7470904685,63,6,0,61
L106,94,6,10,3,0.2147064239,11,89,0,98
L107,21,75,5,4,0.306634795,40,30,3,84
L108,63,16,1,4,0.5779296401,76,98,2,68
L109,29,87,8,6,0.09782529701,50,32,1,37
L110,89,37,7,4,0.3809269378,41,55,4,78
L111,61,82,2,5,0.7314864799,40,12,0,61
L112,22,58,3,3,0.3306015695,99,89,7,76
L113,81,98,3,4,0.7921537638,52,43,7,63
L114,30,82,5,4,0.1317135091,30,49,5,26
L115,58,96,9,2,0.7007914055,23,30,7,32
L116,62,42,6,1,0.1218208035,6,77,4,30
L117,15,68,2,3,0.7858915913,62,36,10,85
L118,18,9,4,1,0.3879547488,91,53,3,68
L119,64,57,3,5,0.2427101874,30,54,9,44
L120,23,68,5,4,0.2207857805,38,31,8,85
L121,10,68,6,5,0.4797575269,38,65,2,66
L122,8,19,10,1,0.8404248553,85,32,6,18
L123,19,96,1,6,0.0490608148,98,96,8,96
L124,40,30,6,2,0.1718768036,14,26,2,14
L125,9,84,7,2,0.1174392261,99,45,5,59
L126,93,0,6,4,0.2128665631,90,21,2,67
L127,14,35,3,1,0.1271163548,96,92,0,70
L128,26,18,1,2,0.655115528,86,28,6,36
L129,52,19,1,1,0.3297604714,83,70,1,45
L130,9,78,3,6,0.439178043,25,80,3,95
L131,62,15,2,6,0.1392879494,45,40,3,62
L132,77,86,3,5,0.04714699152,13,81,7,29
L133,7,97,10,3,0.3416766022,37,4,8,88
L134,89,24,8,2,0.2405219353,25,76,3,1
L135,85,61,5,4,0.5691742026,75,98,1,8
L136,16,25,9,4,0.5488101621,3,9,1,19
L137,32,95,10,2,0.5178290813,55,80,4,84
L138,51,80,7,5,0.6537681972,44,33,3,23
L139,79,91,7,3,0.2968108314,81,33,2,73
L140,93,52,8,1,0.743138468,70,28,2,53
L141,61,42,10,3,0.4491845815,55,88,4,78
L142,22,88,7,4,0.8475333314,34,20,7,79
L143,76,86,2,5,0.1956269092,31,54,6,75
L144,79,88,7,1,0.02267404664,2,23,9,24
L145,75,62,7,2,0.4432880858,87,56,4,17
L146,76,2,0,4,0.05581918207,57,24,3,26
L147,65,58,8,5,0.1817092579,41,29,3,29
L148,51,12,0,6,0.158787448,65,75,1,64
L149,22,90,0,5,0.6394886858,35,83,5,64
L150,27,22,2,4,0.7143611676,9,94,10,47
L151,35,53,8,5,0.03610347513,71,80,9,87
L152,67,88,7,3,0.6593068891,65,76,5,70
L153,35,82,1,3,0.9950090545,81,56,10,28
L154,11,41,3,3,0.6437510958,64,18,6,5
L155,86,34,2,3,0.3394480738,6,48,0,56
L156,35,68,8,2,0.1147628351,34,6,0,19
L157,42,69,5,1,0.9686603878,63,68,0,94
L158,18,33,2,4,0.1388876092,62,65,4,6
L159,93,28,1,2,0.6741690389,56,61,0,57
L160,32,69,2,3,0.1283325035,77,94,10,16
L161,50,40,2,5,0.6245773156,61,14,8,95
L162,13,43,3,4,0.6552168883,89,14,2,29
L163,53,80,9,1,0.1919702299,24,2,9,45
L164,61,85,1,3,0.07547215592,87,85,6,94
L165,35,38,0,1,0.2118813057,100,67,8,29
L166,94,19,4,4,0.9110011805,79,89,8,71
L167,69,25,5,5,0.3699609952,73,16,0,28
L168,79,99,0,5,0.4142605681,36,82,2,43
L169,52,63,8,6,0.3915555943,4,63,3,28
L170,13,21,7,5,0.4501736328,36,31,0,74
L171,79,90,1,1,0.4742857732,42,22,10,82
L172,28,36,9,5,0.4367492108,63,68,0,27
L173,83,64,10,2,0.07919020531,74,7,7,49
L174,31,61,1,5,0.9709589453,30,30,10,23
L175,26,69,2,2,0.5230049501,86,42,5,2
L176,84,12,7,2,0.7973495409,16,4,2,13
L177,87,83,3,2,0.298955176,4,72,0,36
L178,91,42,8,3,0.3771820297,2,27,8,71
L179,39,66,10,3,0.7227055826,44,56,9,52
L180,69,5,6,3,0.4140464496,85,94,4,13
L181,11,99,8,6,0.3992361888,58,17,9,89
L182,36,96,4,6,0.280784491,34,68,8,34
L183,75,39,8,3,0.9216046607,82,43,6,1
L184,77,90,0,3,0.4168908537,87,23,5,95
L185,53,72,0,5,0.5518809255,61,32,10,8
L186,91,93,8,4,0.1497329729,12,15,7,3
L187,85,42,2,6,0.4753842719,32,74,9,34
L188,52,40,1,4,0.1349843942,27,53,5,3
L189,38,61,4,3,0.03996957997,49,98,5,4
L190,92,53,2,1,0.7754961199,83,81,10,97
L191,39,67,3,5,0.3706080487,65,86,6,12
L192,56,49,6,3,0.9904663247,40,86,2,11
L193,83,25,7,4,0.7099748949,50,51,3,18
L194,64,95,6,4,0.4935030013,7,9,10,66
L195,60,2,10,4,0.05884864377,69,62,7,5
L196,26,8,7,2,0.9019746082,36,91,2,30
L197,52,34,3,4,0.667568928,67,36,9,91
L198,31,11,4,6,0.9472189531,1,88,1,68
L199,82,85,7,6,0.5735895906,28,46,10,18
L200,21,33,10,6,0.5022105198,41,81,8,47
L201,27,35,1,5,0.8318161053,0,2,1,61
L202,51,87,7,4,0.3677149658,88,93,1,82
L203,24,3,4,4,0.3058225193,56,87,2,3
L204,94,54,10,5,0.6449763154,22,42,3,96
L205,93,21,2,1,0.1637465408,90,85,6,30
L206,74,78,4,2,0.3555235504,97,93,1,9
L207,55,41,6,3,0.8992950566,51,33,9,84
L208,53,3,8,4,0.6384257405,100,43,6,8
L209,19,48,5,5,0.2100624256,57,26,10,12
L210,79,73,4,2,0.6410533478,6,47,4,56
L211,82,99,8,3,0.08967197595,52,85,10,37
L212,91,63,6,4,0.8501632898,7,26,9,0
L213,24,49,9,5,0.5973283483,40,92,8,46
L214,35,14,0,5,0.9502450046,43,62,6,85
L215,84,2,8,3,0.3723675464,33,62,4,3
L216,69,0,1,6,0.4790679145,71,36,0,41
L217,76,69,5,6,0.1020950662,47,66,7,3
L218,92,13,6,5,0.3678536035,24,85,10,9
L219,73,3,4,4,0.4218174819,98,9,8,92
L220,71,96,4,6,0.4030205197,2,84,3,29
L221,42,58,3,1,0.2824228164,36,57,6,48
L222,73,95,6,4,0.2329926972,74,59,10,6
L223,55,50,4,3,0.4815885227,8,39,8,53
L224,42,36,7,1,0.1851066599,1,100,2,28
L225,70,66,8,3,0.7379735141,35,56,10,64
L226,33,73,0,3,0.7250116289,3,63,9,20
L227,72,72,3,6,0.653619717,0,90,2,92
L228,11,95,2,4,0.6387708935,43,5,7,21
L229,90,97,4,6,0.2788576359,41,39,3,46
L230,36,81,5,6,0.9246881844,83,97,4,9
L231,88,100,10,4,0.6303573931,19,14,1,91
L232,47,31,0,1,0.1349461964,93,56,0,93
L233,79,53,9,2,0.391682585,55,47,5,43
L234,34,36,5,2,0.5134846363,83,86,1,10
L235,50,90,2,2,0.7964435843,91,53,6,96
L236,77,25,9,2,0.5833478838,10,3,2,2
L237,53,71,10,3,0.4992500259,60,38,2,88
L238,21,74,3,1,0.9541574437,46,30,10,19
L239,80,38,3,2,0.321217535,83,57,9,21
L240,92,45,3,6,0.7313423596,52,53,9,63
L241,67,29,3,1,0.9124810878,2,0,5,12
L242,44,58,9,6,0.5103562319,28,66,10,73
L243,80,80,10,6,0.7629707991,26,42,7,53
L244,20,41,0,5,0.8802815335,41,69,5,63
L245,47,9,8,5,0.8252796325,3,71,5,81
L246,48,97,8,6,0.5935386843,41,84,10,84
L247,43,83,1,1,0.3355814894,85,19,4,66
L248,58,71,7,2,0.8456755823,7,7,4,100
L249,64,66,6,1,0.7857536253,66,41,0,84
L250,54,20,8,4,0.2515882616,47,24,10,69
L251,18,30,2,4,0.2920451673,45,70,2,60
L252,10,31,10,1,0.4578758537,58,96,0,40
L253,27,58,4,1,0.2618268034,76,56,2,53
L254,95,58,2,5,0.1539521971,28,79,6,94
L255,61,51,10,2,0.9112148921,58,62,9,77
L256,90,29,0,6,0.4794627114,59,81,7,96
L257,45,87,10,5,0.4642667369,69,56,0,70
L258,38,63,8,5,0.1609276807,51,34,3,25
L259,37,37,1,3,0.8884349492,34,1,9,86
L260,31,67,2,1,0.7104777797,55,71,7,75
L261,65,63,1,2,0.5193814987,76,68,10,24
L262,90,49,1,5,0.2999313583,83,1,10,11
L263,26,51,1,5,0.9444869407,90,30,7,66
L264,87,5,3,1,0.02459724623,79,95,3,25
L265,64,78,8,6,0.1473863923,24,4,5,95
L266,65,26,2,4,0.7668746375,33,35,1,48
L267,43,4,9,5,0.9724336884,94,30,4,18
L268,67,77,8,5,0.3693514598,87,49,6,4
L269,67,75,7,3,0.136543435,39,75,0,83
L270,47,83,10,2,0.3263791862,58,45,8,3
L271,71,63,8,1,0.2388869813,94,35,0,75
L272,80,35,3,5,0.9701171373,70,59,1,68
L273,58,59,8,2,0.479277148,99,92,10,1
L274,80,87,7,2,0.4446260498,99,25,7,51
L275,87,56,5,4,0.357579929,95,30,2,13
L276,71,26,10,5,0.7495174986,61,94,4,75
L277,54,65,8,1,0.5345232874,46,32,1,94
L278,43,97,9,3,0.7819671546,9,83,9,11
L279,92,1,8,5,0.4961090931,99,76,3,37
L280,63,90,7,6,0.3436311473,75,57,8,0
L281,46,28,1,1,0.7957968019,64,34,5,81
L282,90,94,7,5,0.7217501431,52,49,2,78
L283,11,86,10,3,0.1975087412,30,1,0,22
L284,13,32,1,4,0.4201245374,48,26,4,36
L285,85,15,7,5,0.4835397836,71,14,8,38
L286,82,38,6,5,0.7036211583,96,41,0,0
L287,19,84,7,2,0.09467654235,71,44,6,83
L288,76,72,7,1,0.6079316659,93,17,0,25
L289,12,82,2,5,0.5386151255,13,17,9,48
L290,74,10,2,3,0.3657757308,16,82,9,44
L291,66,54,9,4,0.6859324682,51,30,8,57
L292,21,10,1,3,0.8635116796,51,73,9,24
L293,23,89,6,1,0.5394575588,59,74,0,9
L294,50,52,6,2,0.07811005326,41,67,1,91
L295,65,41,6,3,0.3061382983,74,61,4,68
L296,82,10,7,4,0.230411398,29,41,9,98
L297,26,14,9,5,0.7763884954,78,34,10,95
L298,81,6,2,3,0.1547378286,35,21,2,30
L299,20,84,10,2,0.08016192704,28,79,0,99
L300,57,62,8,6,0.6096371596,12,38,5,100
L301,22,40,1,1,0.4829722941,25,87,7,28
L302,52,84,4,2,0.5086882388,52,18,2,43
L303,41,99,7,6,0.9227350437,42,64,1,46
L304,23,84,6,4,0.9650123148,14,18,2,58
L305,55,94,7,3,0.6857973451,27,57,10,92
L306,53,32,5,6,0.4500001504,87,52,6,69
L307,45,96,2,5,0.1244965732,57,21,8,98
L308,90,74,2,5,0.4913617409,46,60,9,1
L309,60,7,1,3,0.5927580367,17,31,0,94
L310,75,5,8,3,0.305477062,51,4,6,71
L311,12,54,7,3,0.9565814252,35,2,4,55
L312,69,36,4,3,0.145486636,57,92,4,62
L313,61,50,1,4,0.3023458879,63,20,0,94
L314,87,4,5,4,0.08125682166,17,39,3,94
L315,19,45,9,5,0.157433583,42,81,6,29
L316,8,5,4,4,0.4911376327,76,45,2,12
L317,87,3,0,4,0.09251189376,37,22,0,32
L318,25,94,9,5,0.2872930562,96,21,9,48
L319,75,14,6,4,0.5901744056,77,58,0,32
L320,80,24,9,5,0.21143869,47,25,1,84
L321,52,43,0,3,0.4823468913,73,40,5,1
L322,29,15,5,5,0.05637418582,8,36,10,50
L323,33,61,7,1,0.4911077957,83,77,9,24
L324,14,53,5,1,0.7296020932,66,50,4,53
L325,65,60,9,1,0.7601786225,42,40,3,61
L326,90,51,9,2,0.1235447878,1,45,10,58
L327,13,66,1,4,0.9436584473,5,5,5,96
L328,77,73,10,5,0.6064737773,99,16,9,91
L329,14,12,0,3,0.09931523341,79,62,4,94
L330,44,6,1,6,0.3798027149,84,24,0,93
L331,71,14,10,2,0.6608951303,81,7,10,45
L332,45,3,7,3,0.4885386878,2,69,2,31
L333,14,47,10,1,0.7299279674,70,99,4,74
L334,13,42,7,6,0.4390906355,23,77,4,7
L335,93,97,10,1,0.4864065772,75,34,0,54
L336,67,1,10,1,0.2349407975,53,50,10,91
L337,37,88,9,2,0.9537495341,17,24,3,86
L338,35,73,1,5,0.2958327025,79,28,10,91
L339,39,16,3,3,0.5190084576,58,24,3,71
L340,31,50,7,4,0.8869246398,97,72,7,48
L341,23,56,10,2,0.02267936971,67,95,5,77
L342,61,75,6,6,0.444016962,64,46,3,71
L343,31,74,6,2,0.5752895108,84,24,2,70
L344,7,54,4,4,0.1050427272,12,68,7,25
L345,64,77,6,2,0.06714356103,29,85,0,84
L346,59,94,0,2,0.8925499259,37,13,2,83
L347,45,10,7,3,0.1594146028,72,50,5,43
L348,25,14,4,2,0.6769658242,97,54,8,65
L349,42,5,1,1,0.2124717851,19,53,2,39
L350,56,94,8,6,0.3112209679,80,75,2,64
L351,63,8,10,1,0.3449574711,65,63,4,16
L352,22,20,2,1,0.9739992116,90,53,3,49
L353,20,45,10,3,0.7060895217,57,54,9,40
L354,87,66,2,3,0.2059428582,76,95,7,95
L355,52,29,0,3,0.304185136,47,51,6,55
L356,67,53,4,3,0.5329962855,35,87,4,51
L357,22,53,9,4,0.3068453326,39,28,0,77
L358,82,56,6,4,0.581503015,15,19,9,23
L359,82,93,9,2,0.04913646732,79,89,9,87
L360,76,100,2,4,0.8221116799,27,47,7,67
L361,25,88,7,1,0.6107850112,0,99,4,12
L362,86,99,10,5,0.009444281928,10,67,8,64
L363,8,98,6,1,0.7063310524,60,29,0,88
L364,11,95,8,5,0.8687560505,20,9,10,93
L365,13,41,1,3,0.8407003703,76,90,9,20
L366,32,0,1,3,0.03472313995,72,90,8,80
L367,64,20,0,2,0.4807912884,78,19,4,0
L368,15,16,8,3,0.2597385342,60,46,5,80
L369,80,58,2,1,0.7560381614,68,51,6,64
L370,22,12,7,5,0.6180085853,95,8,7,54
L371,53,66,9,6,0.4534718805,83,70,1,6
L372,68,90,3,1,0.3411424689,25,85,9,90
L373,19,44,1,6,0.2557841008,25,47,7,95
L374,61,82,7,3,0.4031756727,17,67,7,92
L375,17,73,5,2,0.9702924278,58,7,10,84
L376,88,27,8,5,0.6004840871,37,40,7,19
L377,13,55,10,4,0.906929164,90,3,5,35
L378,16,31,4,6,0.4913114531,31,90,2,54
L379,15,2,1,6,0.142436448,87,58,10,23
L380,26,17,5,4,0.7087598424,75,15,1,29
L381,50,5,5,1,0.7600665103,38,85,7,89
L382,32,62,5,2,0.1858956435,66,89,2,80
L383,66,45,4,2,0.1281454032,27,94,3,64
L384,85,73,9,4,0.7454728901,46,81,4,68
L385,28,82,10,4,0.7654190701,76,10,6,47
L386,65,52,6,1,0.5841776753,22,31,3,66
L387,57,21,4,4,0.3116728102,2,39,7,55
L388,48,39,6,3,0.6434718134,62,1,1,39
L389,19,85,9,4,0.9114472896,68,75,10,62
L390,81,18,6,4,0.3091417858,68,36,10,98
L391,83,84,7,3,0.6737601359,21,65,8,66
L392,47,26,7,1,0.6662329144,36,89,8,88
L393,43,94,8,6,0.2334492365,25,54,7,24
L394,73,30,4,2,0.7874764976,58,91,0,51
L395,37,25,0,3,0.3373156842,96,81,2,41
L396,23,36,4,3,0.7542162552,15,97,1,21
L397,12,60,9,2,0.696466871,79,47,3,37
L398,9,79,4,6,0.6720493135,67,53,0,9
L399,12,90,2,6,0.4816952841,48,65,4,34
L400,67,91,10,1,0.1951470747,91,69,3,66
L401,11,44,6,5,0.2576351585,96,59,10,90
L402,14,42,2,1,0.879826138,82,99,5,69
L403,37,43,10,5,0.1383655309,21,56,5,75
L404,71,82,4,4,0.8949790339,0,83,1,97
L405,42,4,1,4,0.2529185112,25,69,0,61
L406,32,28,3,1,0.9002849016,27,19,9,36
L407,77,11,1,2,0.9265774235,3,44,6,18
L408,34,71,6,4,0.8158683384,44,45,6,24
L409,50,45,10,4,0.7540655934,68,66,1,58
L410,34,48,3,3,0.4965169004,40,99,7,59
L411,68,77,9,4,0.2512762289,93,83,6,44
L412,30,83,8,5,0.2872157747,70,34,5,59
L413,42,61,9,2,0.1849077668,20,17,6,16
L414,10,62,10,1,0.410401303,43,23,6,52
L415,49,26,5,2,0.3100009003,40,93,10,51
L416,51,45,4,1,0.7054202071,100,63,9,50
L417,84,81,2,5,0.3841516988,81,80,3,54
L418,85,78,8,4,0.5677641793,76,54,2,58
L419,37,86,7,2,0.01658904133,21,64,10,31
L420,39,75,3,2,0.2703268199,48,88,6,84
L421,17,94,1,3,0.2956957913,45,93,1,57
L422,36,60,10,2,0.909804105,50,47,2,76
L423,65,6,1,5,0.5692798882,21,83,7,87
L424,21,53,0,5,0.9179477435,32,25,10,18
L425,58,94,6,3,0.7577820543,45,51,5,79
L426,62,88,6,1,0.3137942159,64,79,0,95
L427,68,84,2,5,0.1895798889,68,28,0,52
L428,86,68,0,5,0.4506566318,89,68,6,1
L429,70,87,4,6,0.08124610554,34,53,9,29
L430,60,74,4,6,0.1376423167,6,61,7,14
L431,58,45,1,4,0.4588276291,26,79,6,36
L432,33,93,9,3,0.9416608143,95,90,2,54
L433,21,8,1,3,0.4514472421,22,72,9,5
L434,69,72,7,2,0.6807856473,57,38,2,39
L435,30,19,0,6,0.3969761721,91,80,9,90
L436,27,27,1,5,0.02109615733,75,68,9,92
L437,64,100,7,6,0.182377202,58,48,9,17
L438,39,43,0,2,0.2715780562,64,71,2,67
L439,17,40,5,4,0.8308753235,32,49,1,56
L440,23,22,5,2,0.4259866807,53,53,2,1
L441,16,91,3,1,0.1655861463,60,47,9,6
L442,85,95,4,3,0.3394628482,15,57,0,85
L443,14,89,2,1,0.456159841,86,95,5,52
L444,20,58,8,3,0.2185530404,93,21,8,49
L445,12,64,4,5,0.3595453031,43,43,1,91
L446,23,22,3,1,0.1199589772,13,9,4,57
L447,42,32,10,3,0.2087683354,11,21,3,97
L448,85,54,7,1,0.7504569925,95,95,3,6
L449,55,43,10,3,0.006693413052,45,7,7,48
L450,13,31,3,1,0.2350237493,75,39,7,84
L451,66,60,8,6,0.2522390799,29,28,9,29
L452,76,28,9,5,0.4121838419,28,1,0,7
L453,18,18,4,4,0.01541369814,22,16,7,48
L454,14,0,8,4,0.5707222379,94,33,9,67
L455,46,7,0,2,0.3087790939,80,54,8,90
L456,30,72,0,2,0.1940884716,41,32,3,4
L457,71,77,9,2,0.9053794271,58,85,6,33
L458,44,1,3,1,0.3482994902,92,47,6,57
L459,65,80,7,5,0.1013522343,83,12,2,54
L460,92,15,9,4,0.512557667,60,37,5,61
L461,31,22,3,4,0.8641769363,96,20,9,11
L462,45,51,4,6,0.9682555149,46,40,7,8
L463,9,66,7,1,0.2138323127,43,65,9,89
L464,59,67,8,3,0.1204359356,87,69,3,23
L465,16,69,9,3,0.7104022655,52,87,7,22
L466,77,74,7,1,0.6145449139,16,50,1,63
L467,79,33,5,3,0.5228773215,92,83,9,11
L468,74,38,7,6,0.8079801891,34,32,1,21
L469,27,45,7,5,0.1469216835,56,88,10,52
L470,27,89,0,1,0.03125591214,65,4,8,20
L471,27,80,3,5,0.722156661,34,16,9,13
L472,13,16,8,4,0.3998132284,7,58,5,35
L473,49,48,2,4,0.4581060597,54,87,5,25
L474,49,79,10,5,0.8062179038,27,44,10,43
L475,41,44,0,6,0.5446172484,12,65,5,72
L476,64,31,3,4,0.5704851815,57,89,1,92
L477,77,43,8,4,0.1336920045,83,21,1,20
L478,79,13,2,2,0.1154332239,37,28,7,28
L479,16,92,5,5,0.2566654818,20,6,3,66
L480,18,37,8,3,0.4152390813,26,70,8,26
L481,37,95,8,2,0.2306910656,24,73,9,12
L482,48,92,6,1,0.728656878,74,59,4,33
L483,57,6,3,6,0.2102002343,49,59,5,90
L484,83,63,4,3,0.5069260779,81,12,2,54
L485,76,92,7,5,0.1552514352,71,61,5,36
L486,37,85,9,6,0.04548861379,52,95,3,61
L487,25,23,0,2,0.02226858765,77,2,1,1
L488,37,8,9,6,0.8091312323,100,91,5,77
L489,44,35,8,5,0.1735886871,46,69,2,44
L490,53,82,7,3,0.5647298139,0,0,6,6
L491,89,85,9,3,0.4285724694,49,16,5,68
L492,46,36,6,2,0.5245363185,54,0,10,37
L493,17,80,3,4,0.6278841462,66,37,1,54
L494,77,69,5,3,0.4453265985,5,14,10,4
L495,75,6,6,2,0.4269339461,30,48,1,1
L496,30,79,0,1,0.113369376,90,10,0,94
L497,14,48,1,1,0.6912186063,12,48,0,18
L498,91,85,2,4,0.2287420487,34,19,1,89
L499,63,75,7,2,0.6674270169,11,62,10,20
L500,24,100,4,4,0.6518865049,39,63,2,63
L501,19,49,9,4,0.981142693,22,40,2,100
L502,50,86,4,2,0.4712176125,34,16,10,68
L503,92,92,1,4,0.02937303637,26,46,8,88
L504,24,97,1,4,0.2271564884,72,42,4,89
L505,53,96,8,4,0.8420072906,2,44,4,51
L506,82,56,1,4,0.4509098491,38,25,1,44
L507,61,35,9,3,0.1891216169,72,87,5,89
L508,61,83,0,1,0.3003352785,86,42,0,68
L509,40,4,3,4,0.5117932076,97,15,10,8
L510,88,25,2,1,0.1545255356,83,86,1,50
L511,8,7,3,2,0.8372844657,51,62,9,32
L512,56,96,5,2,0.5750294449,98,49,6,65
L513,74,11,4,1,0.6901622129,2,75,5,60
L514,11,22,7,3,0.2369569768,65,14,6,11
L515,35,57,2,3,0.01986942228,94,87,0,22
L516,32,99,6,4,0.8526594452,4,18,2,33
L517,20,71,9,4,0.8080895046,3,100,1,33
L518,20,66,6,5,0.5221051372,27,31,3,51
L519,65,4,0,2,0.7368411025,76,78,5,50
L520,37,60,2,3,0.2323578935,49,7,0,41
L521,92,80,9,2,0.4128654672,69,19,8,69
L522,84,7,3,3,0.2690850653,14,39,0,9
L523,95,39,9,3,0.3761469209,58,71,5,73
L524,52,19,4,4,0.3753032341,55,50,1,49
L525,25,25,0,4,0.924170085,91,84,7,23
L526,90,51,6,3,0.5827295377,65,49,9,24
L527,18,25,5,5,0.4104917503,17,35,9,30
L528,86,80,3,6,0.3058054072,91,51,9,63
L529,46,94,7,5,0.8299546906,47,32,3,17
L530,20,80,4,3,0.5942063335,70,57,3,78
L531,25,87,1,5,0.1383908432,32,14,6,74
L532,35,43,6,1,0.1955325102,54,52,9,46
L533,40,4,2,5,0.806068675,96,38,2,24
L534,14,77,10,4,0.376521855,12,52,0,33
L535,67,42,7,2,0.5294923309,99,35,3,76
L536,16,28,4,3,0.2215061904,47,82,9,10
L537,78,51,9,3,0.2270404876,89,32,7,36
L538,78,22,3,5,0.6971908559,72,58,1,52
L539,76,83,6,5,0.3567793687,28,15,6,32
L540,9,32,4,4,0.3992708123,32,99,10,67
L541,74,31,8,4,0.843515836,96,62,4,70
L542,85,17,2,2,0.6127083825,72,51,5,51
L543,34,87,3,3,0.8254780227,50,4,1,56
L544,86,27,1,6,0.6923984033,54,31,4,40
L545,71,54,8,6,0.5190312273,73,68,2,1
L546,21,21,8,4,0.8221415942,95,5,0,75
L547,89,21,6,4,0.8546458284,0,38,6,81
L548,39,76,3,1,0.7897729248,60,1,1,31
L549,9,88,5,6,0.4197537002,82,28,2,30
L550,55,93,7,4,0.03505586469,68,61,2,73
L551,7,98,0,6,0.1091423092,18,38,8,96
L552,64,11,9,5,0.3632234259,76,82,9,61
L553,69,11,9,4,0.2666766563,72,52,3,56
L554,85,69,8,4,0.421842529,39,57,4,64
L555,94,57,10,2,0.2461220693,48,44,2,85
L556,45,78,2,2,0.4615847952,87,94,8,54
L557,64,10,3,6,0.5367951385,28,63,0,58
L558,73,45,0,6,0.8013235947,48,100,6,90
L559,66,23,9,4,0.996742866,8,15,3,12
L560,58,45,3,3,0.9818640129,54,61,9,98
L561,27,88,1,5,0.8646973209,35,69,1,48
L562,82,21,7,5,0.1888401756,88,85,10,51
L563,71,28,0,5,0.09237024983,96,49,2,22
L564,22,25,10,3,0.7714907752,9,85,10,96
L565,22,94,0,4,0.9816464335,94,45,7,71
L566,41,71,1,6,0.02886810217,91,49,5,67
L567,54,85,4,1,0.7471483628,3,56,1,25
L568,59,40,1,5,0.850483112,77,36,4,6
L569,19,61,6,3,0.1233361988,7,80,2,79
L570,31,46,7,2,0.7183248847,51,97,1,97
L571,74,13,4,1,0.6726806057,24,5,9,39
L572,45,18,9,6,0.4142058102,30,49,9,19
L573,81,65,2,6,0.1949017199,22,14,6,91
L574,25,36,10,3,0.1296730135,57,58,5,26
L575,18,83,9,2,0.6269606786,5,81,9,69
L576,7,78,2,1,0.653688808,24,96,2,37
L577,58,36,1,4,0.5563199741,52,34,3,75
L578,71,92,5,4,0.3507543687,68,30,2,71
L579,84,3,6,5,0.07943969123,85,31,7,53
L580,31,81,3,5,0.914484835,43,36,1,42
L581,38,84,5,6,0.1929449414,49,48,10,5
L582,87,0,3,2,0.09576449662,41,73,8,92
L583,94,70,10,5,0.04153308441,13,94,10,61
L584,14,57,0,4,0.1595880833,53,64,1,31
L585,77,72,2,3,0.402666089,49,48,7,40
L586,33,75,9,2,0.4295956747,57,75,1,58
L587,65,90,10,2,0.7681220878,4,57,3,64
L588,88,45,6,4,0.9237783149,39,29,8,53
L589,75,82,4,4,0.6722545908,5,51,9,51
L590,92,81,2,6,0.1709521194,51,62,1,63
L591,77,38,0,4,0.5711726883,3,55,8,6
L592,56,26,4,3,0.6274145145,16,100,5,48
L593,79,37,2,1,0.4902090449,7,56,6,78
L594,68,14,6,1,0.05117441957,42,13,6,36
L595,43,34,8,4,0.1991591387,68,52,9,34
L596,41,90,8,3,0.5720673904,74,69,7,34
L597,55,54,6,4,0.3234437488,25,29,3,48
L598,43,79,6,2,0.7021706164,16,9,7,8
L599,38,34,10,2,0.6139680721,35,61,4,96
L600,35,71,7,2,0.9176492984,63,51,2,10
L601,88,87,4,3,0.2390035721,91,35,3,31
L602,49,74,8,4,0.5043711499,51,98,1,97
L603,7,15,0,6,0.5303512011,85,4,7,93
L604,88,78,0,2,0.9933857953,3,10,8,72
L605,34,3,4,2,0.5126175361,61,72,3,52
L606,93,57,8,2,0.8181414771,78,2,10,32
L607,94,11,3,4,0.2178544653,18,26,1,32
L608,26,80,7,1,0.600465033,85,38,2,40
L609,82,30,0,3,0.5287564078,21,89,4,92
L610,64,91,0,6,0.1856173596,90,44,0,94
L611,63,52,10,1,0.08913817976,60,74,2,13
L612,29,87,3,2,0.8334271476,20,35,7,59
L613,88,72,6,1,0.8808993459,46,75,2,51
L614,69,63,4,4,0.719635969,14,37,7,5
L615,61,99,2,6,0.7969670314,34,6,4,41
L616,83,35,7,5,0.9638000846,72,79,2,84
L617,20,11,10,2,0.8881114889,38,24,10,61
L618,34,37,8,6,0.4138413353,23,82,7,88
L619,11,75,10,3,0.894407221,56,66,0,92
L620,40,89,6,1,0.3603208005,4,46,0,25
L621,31,57,4,3,0.2128732965,38,15,5,100
L622,29,57,7,4,0.8751326859,6,35,6,71
L623,21,90,9,6,0.1285110051,1,51,1,42
L624,66,32,7,4,0.3376790019,59,41,8,7
L625,79,45,8,2,0.6278279983,31,78,7,70
L626,95,22,1,6,0.7005528481,57,17,0,18
L627,69,90,4,5,0.0931973687,100,50,6,2
L628,87,61,7,4,0.4289254521,30,69,1,42
L629,30,77,10,1,0.9850157342,49,9,6,80
L630,11,13,3,1,0.7479426702,91,2,3,58
L631,28,30,5,4,0.9707871109,19,100,6,19
L632,63,3,0,2,0.1583510663,59,10,0,92
L633,65,56,2,4,0.1651230934,100,42,9,6
L634,12,26,1,6,0.4767637152,40,37,6,77
L635,32,50,2,3,0.4036705101,59,93,0,57
L636,71,83,10,5,0.4201410302,4,77,9,92
L637,38,70,7,2,0.1696857584,20,79,9,79
L638,76,100,10,6,0.3182574538,50,76,2,5
L639,41,26,4,2,0.3179960288,55,23,2,55
L640,39,48,10,1,0.2300711905,35,80,1,5
L641,25,60,3,5,0.6919708897,23,84,6,46
L642,63,24,6,3,0.7886928808,7,57,3,23
L643,92,55,6,2,0.7480792949,11,51,1,40
L644,56,97,4,5,0.07058957523,8,75,9,50
L645,14,13,8,5,0.4019270091,16,80,2,73
L646,25,34,0,1,0.9228743139,16,86,4,26
L647,13,71,0,1,0.6024271922,99,94,6,38
L648,54,70,6,6,0.9422724951,63,8,5,16
L649,31,31,3,5,0.4893047035,27,26,6,65
L650,19,40,0,4,0.4345737242,51,81,3,29
L651,27,95,8,5,0.04430171468,18,93,9,16
L652,87,93,5,5,0.2751665583,54,75,8,40
L653,36,61,10,5,0.6552855816,93,8,4,10
L654,46,11,6,5,0.7173866718,95,69,9,77
L655,12,66,5,4,0.4091150056,98,5,6,48
L656,93,78,0,6,0.6901851597,85,77,6,71
L657,83,23,2,6,0.3852279964,28,42,8,95
L658,49,48,2,3,0.5731916038,64,80,8,19
L659,27,91,0,4,0.984198068,24,89,7,94
L660,31,80,2,4,0.4131404376,54,16,8,6
L661,10,23,1,4,0.2007089088,90,16,1,61
L662,33,36,2,3,0.9063526716,10,56,4,22
L663,35,87,3,2,0.7559336925,18,27,6,25
L664,27,44,10,2,0.9490918077,100,72,9,81
L665,74,12,10,2,0.1944627392,98,60,10,2
L666,60,87,2,5,0.7411366343,4,76,9,70
L667,23,92,5,3,0.1308698602,7,19,5,77
L668,56,31,10,5,0.4695468888,29,20,6,97
L669,31,27,9,6,0.8120327863,48,2,2,94
L670,38,82,0,4,0.1130116518,11,63,6,22
L671,19,53,2,5,0.3408690596,25,91,1,68
L672,66,74,7,3,0.2238543589,58,57,5,57
L673,48,53,9,1,0.381308654,40,80,4,83
L674,25,74,7,1,0.1376300595,85,39,5,5
L675,49,91,3,5,0.08710245939,71,28,1,55
L676,85,62,4,4,0.8573341516,54,34,8,36
L677,78,46,10,6,0.3662402396,89,80,7,54
L678,86,17,9,6,0.5614910329,29,12,4,50
L679,72,86,10,3,0.9493771798,42,81,7,38
L680,85,25,1,4,0.08397434272,72,45,7,97
L681,13,1,8,5,0.9483395175,95,34,8,41
L682,70,39,10,6,0.01646949937,100,72,9,57
L683,90,99,3,5,0.8591686926,90,27,10,87
L684,92,51,9,4,0.6509679314,54,11,5,87
L685,59,1,4,6,0.9798516225,100,1,7,87
L686,88,81,8,1,0.2590015958,81,45,4,52
L687,93,93,8,4,0.3000538702,9,74,7,46
L688,72,96,7,5,0.7315788899,30,73,8,49
L689,36,4,1,1,0.5187464328,76,72,10,27
L690,50,68,5,1,0.986516309,54,100,8,79
L691,42,41,2,6,0.03962285254,74,20,4,22
L692,74,69,0,3,0.1407146624,12,46,7,71
L693,41,75,3,4,0.8580755309,7,49,4,2
L694,27,76,3,2,0.1865088303,66,68,1,80
L695,29,69,3,6,0.5319226069,21,95,6,94
L696,21,36,5,2,0.9313598857,99,33,0,62
L697,29,87,3,6,0.6347405327,11,67,10,55
L698,85,73,5,1,0.6462074687,88,65,9,11
L699,34,37,10,4,0.92072412,71,48,4,16
L700,19,4,5,2,0.5534347435,17,49,6,44
L701,82,55,7,2,0.6272613475,76,93,9,55
L702,46,93,7,5,0.8060701988,17,58,5,41
L703,20,19,6,3,0.9372669348,71,11,2,64
L704,22,69,10,5,0.08580030481,91,0,7,54
L705,65,68,9,1,0.6041779961,97,13,2,17
L706,34,83,5,1,0.5195250673,16,28,1,92
L707,11,2,6,3,0.4165400033,97,30,0,8
L708,60,2,9,6,0.1983704227,35,56,0,71
L709,67,2,10,2,0.8422627731,81,80,10,66
L710,22,71,7,5,0.5248183483,67,49,0,24
L711,93,4,5,4,0.669409947,9,21,1,33
L712,16,74,0,1,0.6699759241,52,31,2,61
L713,7,5,3,2,0.424962676,84,11,8,87
L714,42,26,7,1,0.3798793795,93,29,1,34
L715,39,21,10,1,0.8784893536,77,79,9,74
L716,68,25,9,3,0.3942604974,22,31,0,83
L717,75,93,10,4,0.3632539045,93,8,10,58
L718,36,8,10,2,0.8643389788,62,68,7,78
L719,27,73,2,3,0.5747736427,27,62,2,6
L720,7,15,4,2,0.8744341203,9,12,4,45
L721,55,30,9,5,0.1460287263,6,70,10,78
L722,35,17,0,1,0.3919273281,18,34,6,80
L723,37,63,2,6,0.6556134076,26,6,2,99
L724,85,98,1,6,0.06509008019,4,12,2,46
L725,30,0,5,2,0.4819141375,16,19,9,48
L726,10,7,8,6,0.7665098619,50,13,7,45
L727,35,88,4,2,0.8021957462,0,66,1,31
L728,34,38,6,6,0.8249431951,23,100,8,47
L729,50,94,5,5,0.5269488191,56,26,2,90
L730,29,80,10,4,0.9181144838,7,14,9,6
L731,68,54,10,5,0.03985379988,99,3,2,95
L732,30,49,5,5,0.2501651128,48,35,6,12
L733,86,17,8,6,0.1773324483,24,19,10,12
L734,82,19,5,6,0.02680922595,20,36,7,84
L735,29,64,5,3,0.9150455864,96,64,7,100
L736,26,63,7,6,0.1658397988,31,19,1,88
L737,32,17,8,2,0.3261027881,95,73,8,93
L738,77,90,2,2,0.2308324011,45,57,4,88
L739,53,1,0,4,0.312258411,50,30,5,66
L740,46,2,5,6,0.03045470563,77,79,1,60
L741,20,25,3,1,0.2258808863,17,57,4,96
L742,73,50,8,6,0.7012458504,11,41,2,13
L743,50,76,10,1,0.5117808613,99,41,2,87
L744,10,42,9,3,0.6584350836,51,36,8,16
L745,16,42,8,2,0.4238717204,39,61,0,13
L746,13,92,0,6,0.1450297888,13,23,8,46
L747,57,38,4,2,0.7536967942,48,89,7,28
L748,47,50,5,6,0.586813869,43,30,1,5
L749,35,59,7,6,0.8294603435,97,14,3,83
L750,28,12,0,4,0.7496660212,23,96,10,34
L751,74,90,0,1,0.5814836967,98,9,1,2
L752,74,60,9,4,0.9382981362,48,50,4,64
L753,94,92,6,4,0.5771924388,57,10,9,29
L754,89,50,1,2,0.9650309135,94,19,6,52
L755,9,93,10,2,0.108528357,85,31,7,58
L756,77,59,5,5,0.68505299,6,78,8,87
L757,49,59,3,6,0.3550152661,94,23,4,16
L758,74,5,6,1,0.01244716676,25,55,3,14
L759,31,92,0,4,0.1290209558,55,78,10,56
L760,51,18,6,3,0.2974181391,97,13,6,94
L761,88,38,8,5,0.4165434748,28,96,4,20
L762,23,59,2,3,0.290793233,77,14,5,80
L763,68,7,3,1,0.08730219633,22,77,2,25
L764,30,43,6,5,0.5116302178,70,44,7,74
L765,27,26,4,2,0.02223009793,59,43,6,61
L766,19,100,5,3,0.2677002782,67,66,8,49
L767,45,53,4,3,0.6917529396,69,30,5,45
L768,61,19,0,2,0.2449637002,86,53,4,32
L769,45,23,1,3,0.2632591948,16,30,5,11
L770,25,11,3,4,0.5215568474,77,46,9,72
L771,20,100,8,1,0.7600578703,9,8,9,22
L772,29,73,7,1,0.9236546693,52,49,7,48
L773,31,74,3,3,0.2653012223,65,41,9,87
L774,31,46,9,6,0.9222721902,37,7,9,66
L775,92,95,10,3,0.4545585226,96,55,4,36
L776,16,48,1,4,0.298535753,58,87,3,62
L777,64,12,5,1,0.822147706,41,81,2,25
L778,21,95,4,6,0.7219389839,64,36,1,28
L779,39,71,0,1,0.1601602596,0,27,7,77
L780,47,13,6,1,0.7602737957,45,52,9,52
L781,74,8,4,2,0.7823798866,51,32,6,51
L782,69,14,6,5,0.7486955219,52,80,3,68
L783,82,16,1,4,0.2982712838,76,75,8,75
L784,79,79,1,6,0.9303863458,26,49,4,93
L785,51,36,9,2,0.675350257,91,29,7,76
L786,72,87,0,5,0.5539622843,35,89,0,23
L787,88,19,10,1,0.7042659295,14,73,1,26
L788,19,4,9,5,0.9808800907,94,94,2,77
L789,72,35,10,4,0.1033034075,92,75,5,70
L790,68,49,5,5,0.8664491432,88,66,4,66
L791,80,90,9,2,0.9097029039,4,40,0,80
L792,16,66,2,3,0.7497782996,71,62,1,32
L793,40,8,5,3,0.02681394368,44,76,7,12
L794,67,55,9,1,0.9705964172,35,27,9,86
L795,84,40,5,3,0.8833838307,96,66,3,92
L796,87,76,1,2,0.159420186,26,34,4,2
L797,22,57,7,4,0.3439973457,35,98,7,97
L798,82,69,4,2,0.1295305995,85,16,6,25
L799,26,8,3,3,0.4125757618,81,17,8,41
L800,41,89,10,2,0.464180542,83,21,3,89
L801,8,0,8,1,0.01289077789,30,77,10,43
L802,82,40,2,1,0.3326727315,6,87,3,4
L803,28,68,9,5,0.8693012882,74,48,7,100
L804,51,98,3,1,0.4692281613,91,16,5,4
L805,46,64,2,2,0.9034232219,57,74,2,12
L806,48,7,6,1,0.655110521,9,17,3,13
L807,51,72,4,1,0.1175348529,47,51,2,51
L808,64,59,9,3,0.9914248688,37,79,1,95
L809,87,55,7,3,0.9077024166,27,68,10,16
L810,30,79,9,2,0.4179550366,12,32,7,68
L811,61,100,5,6,0.3578535812,34,68,9,62
L812,70,9,5,2,0.8654349787,53,34,3,34
L813,88,25,10,6,0.3180755762,68,27,5,70
L814,29,70,6,2,0.1983914563,16,21,1,4
L815,25,15,7,5,0.8578359803,68,33,2,29
L816,20,92,10,6,0.2939725025,60,80,3,59
L817,45,85,5,4,0.4786958695,30,61,5,3
L818,37,25,2,2,0.5400202932,30,76,2,91
L819,48,20,6,4,0.211383375,11,49,6,91
L820,75,62,4,4,0.6723436993,94,86,5,25
L821,69,51,2,2,0.02094957653,73,99,10,44
L822,7,48,0,4,0.8613039625,71,62,8,90
L823,60,87,1,2,0.7097033767,41,5,2,5
L824,28,15,9,1,0.96178023,90,66,3,100
L825,37,24,3,6,0.6678759982,87,42,0,41
L826,47,84,7,1,0.1495853312,76,73,0,23
L827,66,70,4,5,0.1460575436,52,58,0,43
L828,80,21,6,5,0.1162979758,96,37,7,53
L829,43,41,2,2,0.168439969,72,42,2,33
L830,41,4,8,4,0.9027458357,68,52,7,94
L831,91,28,4,2,0.4800822374,28,1,7,54
L832,7,13,4,6,0.6911370518,100,44,2,42
L833,81,46,8,3,0.3469342629,8,52,8,62
L834,86,3,2,5,0.4842206746,47,21,7,92
L835,63,73,2,6,0.9015241461,89,64,7,53
L836,42,83,8,4,0.3239940609,4,10,4,99
L837,22,29,7,2,0.06020661291,0,2,5,26
L838,34,95,5,4,0.8565591811,10,54,4,8
L839,25,9,4,5,0.7069848507,85,70,3,98
L840,41,71,3,5,0.9428722987,66,42,0,74
L841,10,76,5,4,0.6024174171,13,66,1,21
L842,39,41,1,2,0.5999362135,66,86,8,22
L843,35,23,6,6,0.7896236966,96,87,0,68
L844,23,85,6,2,0.2268689343,46,60,9,48
L845,84,25,2,6,0.9195553075,54,48,8,30
L846,56,43,8,6,0.2830460095,59,29,3,67
L847,84,50,2,3,0.08761348487,96,37,2,12
L848,85,20,3,4,0.8786303351,72,96,5,70
L849,70,52,6,6,0.3351672451,91,73,4,10
L850,83,33,10,3,0.9955801419,70,100,4,54
L851,30,3,3,2,0.6333796445,7,11,4,44
L852,86,1,6,4,0.2966392742,59,29,8,33
L853,51,60,9,2,0.2371079068,45,11,6,78
L854,31,5,4,2,0.7931619949,9,43,8,74
L855,95,63,8,4,0.6991607771,21,22,8,33
L856,84,48,10,5,0.08152221648,46,8,2,49
L857,11,79,4,5,0.9044217881,67,42,7,27
L858,8,63,3,6,0.9790902997,53,76,2,27
L859,64,71,5,5,0.05162409134,89,12,10,57
L860,79,10,8,1,0.9493889068,97,86,10,73
L861,33,66,1,1,0.9893335301,71,83,2,4
L862,95,47,4,5,0.9093334075,48,10,10,92
L863,12,2,1,4,0.05578296993,54,92,3,91
L864,7,19,0,4,0.0246089061,17,11,2,26
L865,71,26,3,2,0.6178422159,79,6,8,85
L866,41,75,7,3,0.7256333784,50,21,2,27
L867,36,22,8,4,0.5430115092,48,30,2,58
L868,46,5,6,1,0.8125713492,48,7,6,58
L869,67,18,2,3,0.7678656965,61,51,4,31
L870,61,59,6,4,0.3131893294,45,88,8,31
L871,8,94,2,2,0.6269463205,15,36,5,60
L872,84,47,10,5,0.9125100572,65,26,1,20
L873,16,89,2,3,0.3149642744,14,21,8,37
L874,94,81,6,3,0.2802470071,27,75,7,72
L875,31,51,5,1,0.1652776417,59,65,4,37
L876,63,87,7,1,0.4188919131,5,0,7,97
L877,22,66,2,4,0.5923428704,68,21,5,11
L878,63,57,6,2,0.2062826729,67,14,5,35
L879,90,99,0,5,0.2473705003,27,17,4,21
L880,25,1,1,5,0.7721861213,91,36,4,7
L881,21,49,0,6,0.3094039627,100,68,7,21
L882,69,69,8,1,0.6966717956,33,84,0,98
L883,93,59,5,1,0.3861238629,50,64,8,82
L884,74,3,4,2,0.1780088615,73,83,2,77
L885,57,33,2,5,0.4485527549,48,71,8,84
L886,80,24,8,2,0.6301349447,1,5,9,88
L887,27,32,7,3,0.5012411237,90,15,0,16
L888,44,5,0,1,0.4742775588,37,84,4,92
L889,46,10,6,6,0.257202865,62,0,1,43
L890,40,57,7,4,0.6679074834,18,18,2,15
L891,61,86,8,4,0.1891464958,86,95,3,57
L892,82,70,8,4,0.3956267347,78,24,4,41
L893,37,33,9,6,0.8631949983,53,50,0,17
L894,19,57,1,1,0.3051730679,72,65,10,38
L895,18,42,6,6,0.8330652385,81,74,2,83
L896,59,72,3,3,0.5597195765,9,8,0,53
L897,30,70,1,6,0.8154186815,91,38,9,5
L898,9,71,5,4,0.07359789564,44,44,2,66
L899,47,50,9,1,0.7839171817,87,93,6,31
L900,83,53,2,3,0.4124387269,21,62,3,35
L901,38,31,3,5,0.4917932383,43,21,2,15
L902,66,50,10,3,0.7782967039,46,5,10,70
L903,88,27,7,2,0.6435488315,30,32,8,9
L904,86,34,5,5,0.942313996,99,68,2,56
L905,8,0,7,2,0.0188318073,35,82,0,13
L906,22,72,8,6,0.4573587481,3,69,10,94
L907,73,42,10,1,0.0366286236,57,85,2,47
L908,35,35,7,1,0.1210839432,95,77,9,84
L909,44,94,5,3,0.4791957147,24,86,0,65
L910,21,97,2,3,0.850724146,10,3,1,91
L911,65,61,8,6,0.0338092455,4,58,1,28
L912,88,22,1,6,0.8443604731,28,1,5,33
L913,75,95,2,5,0.935732611,54,82,9,66
L914,65,46,3,3,0.7268805692,49,61,0,54
L915,39,67,8,2,0.06050684135,63,33,7,52
L916,10,44,0,1,0.375056705,73,87,5,43
L917,76,85,5,1,0.4461026516,66,78,0,95
L918,67,51,10,1,0.05478059314,82,7,2,74
L919,77,37,8,1,0.6789399501,50,64,4,77
L920,27,19,7,5,0.8343053565,45,45,0,83
L921,30,0,1,4,0.6670156018,57,41,3,65
L922,68,21,4,3,0.5191130155,23,53,5,96
L923,73,81,4,3,0.04441638538,42,16,2,75
L924,29,6,8,5,0.4067138099,12,64,7,3
L925,68,88,3,3,0.541727704,55,51,2,100
L926,80,49,4,2,0.4270747427,36,48,10,57
L927,24,39,0,6,0.6108021763,83,67,0,54
L928,45,88,2,6,0.06010373628,60,98,8,63
L929,33,49,8,1,0.1746500256,58,62,7,86
L930,33,30,4,5,0.8351460862,36,91,3,22
L931,74,46,6,3,0.5106510448,14,35,7,7
L932,31,99,5,4,0.5909912831,42,99,5,86
L933,25,89,3,6,0.8830494844,8,7,7,60
L934,63,10,6,1,0.2412685286,90,46,6,13
L935,7,1,7,3,0.07656310383,87,29,7,81
L936,27,49,9,3,0.6253909734,1,50,3,13
L937,29,60,6,6,0.1189195852,67,26,1,100
L938,24,83,5,1,0.7478019731,36,32,8,39
L939,95,74,4,3,0.3595392554,9,66,0,16
L940,9,20,7,5,0.9386656646,10,25,8,39
L941,18,17,4,1,0.06636756794,45,19,1,33
L942,67,76,5,6,0.1837416006,2,85,4,25
L943,89,71,9,3,0.880520629,33,40,4,15
L944,35,49,3,2,0.9549237117,66,18,10,47
L945,78,57,0,6,0.9406732271,75,39,4,75
L946,21,78,4,6,0.5358740615,24,2,5,38
L947,13,55,8,5,0.3920415574,21,59,9,42
L948,47,53,8,4,0.2560658823,12,62,1,58
L949,56,63,5,4,0.7231681403,72,14,1,24
L950,83,33,2,3,0.1585646017,21,24,5,63
L951,90,1,3,3,0.729151807,68,6,4,33
L952,22,86,1,1,0.07806015613,46,85,0,52
L953,75,28,9,4,0.7049335181,58,76,5,22
L954,29,7,2,5,0.5788618762,92,38,10,21
L955,54,100,10,1,0.8500019341,49,81,1,91
L956,79,19,9,3,0.05361355022,2,96,2,18
L957,41,95,8,2,0.5530469399,54,24,5,5
L958,52,11,2,1,0.9732031306,41,3,6,25
L959,69,50,8,6,0.9202078566,16,14,9,90
L960,66,42,8,1,0.982593289,70,33,9,48
L961,30,31,7,6,0.3700475124,84,72,6,63
L962,68,58,3,3,0.7695916066,73,41,6,40
L963,67,17,9,6,0.7751791954,6,17,9,34
L964,43,49,8,1,0.9146586369,40,78,5,30
L965,34,30,4,1,0.427124652,86,24,7,20
L966,16,84,1,3,0.1219880306,21,36,5,87
L967,10,4,0,5,0.1764301679,74,22,2,96
L968,36,50,5,4,0.4791893252,4,78,1,78
L969,81,99,3,5,0.4100490925,28,37,0,19
L970,10,87,4,6,0.9404335726,20,2,9,15
L971,68,88,0,6,0.573201993,95,55,9,11
L972,29,68,6,5,0.8920568336,94,95,8,67
L973,38,68,10,6,0.05688482288,86,96,9,95
L974,43,16,10,5,0.5608137173,23,90,3,15
L975,39,59,4,2,0.6217734863,91,51,5,3
L976,33,27,4,4,0.1264062444,19,94,4,58
L977,79,55,9,3,0.6011058531,99,89,0,38
L978,37,76,8,1,0.7839702406,37,20,6,11
L979,69,65,5,2,0.4913835734,10,52,7,67
L980,21,46,8,5,0.3377551406,83,0,10,81
L981,18,44,10,3,0.6382387907,89,21,8,61
L982,15,46,6,6,0.5120738352,31,37,5,51
L983,55,30,7,4,0.9149703565,11,28,2,68
L984,85,74,4,2,0.9300610897,77,80,2,65
L985,56,70,7,2,0.675149416,25,17,7,10
L986,32,26,7,1,0.4263839721,80,60,5,11
L987,95,14,1,1,0.545495375,88,42,5,34
L988,88,54,3,5,0.9380631537,84,66,1,77
L989,61,32,4,3,0.2779942261,14,6,1,1
L990,48,15,4,3,0.9878139985,6,84,5,60
L991,51,53,0,5,0.3673934613,22,35,1,9
L992,85,28,5,3,0.8429504921,1,80,1,80
L993,55,96,5,4,0.414901019,77,42,2,58
L994,30,31,5,1,0.9993365208,98,34,2,94
L995,47,13,3,4,0.05844103904,44,76,3,66
L996,88,88,7,1,0.6094602711,0,28,1,52
L997,19,72,6,2,0.7148577795,33,97,10,98
L998,44,25,9,5,0.5919551414,49,43,9,83
L999,60,98,1,4,0.921172854,65,48,6,16
L1000,59,10,0,4,0.2145381614,50,85,8,58